SiteID,Transect,Distance,Survey,Count,Presence
31919,T1,150,Pellet,0,0
31919,T1,150,Footprint,0,0
31919,T1,150,Rubbing,0,0
31919,T1,150,Wallow,0,0
31919,T2,150,Pellet,0,0
31919,T2,150,Footprint,0,0
31919,T2,150,Rubbing,0,0
31919,T2,150,Wallow,0,0
31919,T3,150,Pellet,0,0
31919,T3,150,Footprint,0,0
31919,T3,150,Rubbing,0,0
31919,T3,150,Wallow,0,0
31922,T1,145,Pellet,0,0
31922,T1,145,Footprint,0,0
31922,T1,145,Rubbing,0,0
31922,T1,145,Wallow,0,0
31922,T2,150,Pellet,0,0
31922,T2,150,Footprint,0,0
31922,T2,150,Rubbing,0,0
31922,T2,150,Wallow,0,0
31922,T3,160,Pellet,0,0
31922,T3,160,Footprint,0,0
31922,T3,160,Rubbing,0,0
31922,T3,160,Wallow,0,0
32742,T1,150,Pellet,0,0
32742,T1,150,Footprint,0,0
32742,T1,150,Rubbing,0,0
32742,T1,150,Wallow,0,0
32742,T2,150,Pellet,0,0
32742,T2,150,Footprint,0,0
32742,T2,150,Rubbing,0,0
32742,T2,150,Wallow,0,0
32742,T3,140,Pellet,0,0
32742,T3,140,Footprint,0,0
32742,T3,140,Rubbing,0,0
32742,T3,140,Wallow,0,0
30775,T1,150,Pellet,0,0
30775,T1,150,Footprint,0,0
30775,T1,150,Rubbing,0,0
30775,T1,150,Wallow,0,0
30775,T2,150,Pellet,0,0
30775,T2,150,Footprint,0,0
30775,T2,150,Rubbing,0,0
30775,T2,150,Wallow,0,0
30775,T3,150,Pellet,0,0
30775,T3,150,Footprint,0,0
30775,T3,150,Rubbing,0,0
30775,T3,150,Wallow,0,0
47565,T1,150,Pellet,0,0
47565,T1,150,Footprint,0,0
47565,T1,150,Rubbing,0,0
47565,T1,150,Wallow,0,0
47565,T2,150,Pellet,0,0
47565,T2,150,Footprint,0,0
47565,T2,150,Rubbing,0,0
47565,T2,150,Wallow,0,0
47565,T3,150,Pellet,0,0
47565,T3,150,Footprint,0,0
47565,T3,150,Rubbing,0,0
47565,T3,150,Wallow,0,0
47800,T1,150,Pellet,0,0
47800,T1,150,Footprint,0,0
47800,T1,150,Rubbing,0,0
47800,T1,150,Wallow,0,0
47800,T2,0,Pellet,0,0
47800,T2,0,Footprint,0,0
47800,T2,0,Rubbing,0,0
47800,T2,0,Wallow,0,0
47800,T3,150,Pellet,0,0
47800,T3,150,Footprint,0,0
47800,T3,150,Rubbing,0,0
47800,T3,150,Wallow,0,0
30755,T1,150,Pellet,0,0
30755,T1,150,Footprint,0,0
30755,T1,150,Rubbing,0,0
30755,T1,150,Wallow,0,0
30755,T2,150,Pellet,0,0
30755,T2,150,Footprint,0,0
30755,T2,150,Rubbing,0,0
30755,T2,150,Wallow,0,0
30755,T3,150,Pellet,0,0
30755,T3,150,Footprint,0,0
30755,T3,150,Rubbing,0,0
30755,T3,150,Wallow,0,0
24526,T1,130,Pellet,0,0
24526,T1,130,Footprint,0,0
24526,T1,130,Rubbing,0,0
24526,T1,130,Wallow,0,0
24526,T2,150,Pellet,0,0
24526,T2,150,Footprint,0,0
24526,T2,150,Rubbing,0,0
24526,T2,150,Wallow,0,0
24526,T3,150,Pellet,0,0
24526,T3,150,Footprint,0,0
24526,T3,150,Rubbing,0,0
24526,T3,150,Wallow,0,0
2198,T1,150,Pellet,0,0
2198,T1,150,Footprint,0,0
2198,T1,150,Rubbing,0,0
2198,T1,150,Wallow,0,0
2198,T2,150,Pellet,0,0
2198,T2,150,Footprint,0,0
2198,T2,150,Rubbing,0,0
2198,T2,150,Wallow,0,0
2198,T3,150,Pellet,0,0
2198,T3,150,Footprint,0,0
2198,T3,150,Rubbing,0,0
2198,T3,150,Wallow,0,0
4257,T1,150,Pellet,0,0
4257,T1,150,Footprint,0,0
4257,T1,150,Rubbing,0,0
4257,T1,150,Wallow,0,0
4257,T2,150,Pellet,0,0
4257,T2,150,Footprint,0,0
4257,T2,150,Rubbing,0,0
4257,T2,150,Wallow,0,0
4257,T3,150,Pellet,0,0
4257,T3,150,Footprint,0,0
4257,T3,150,Rubbing,0,0
4257,T3,150,Wallow,0,0
9941,T1,150,Pellet,0,0
9941,T1,150,Footprint,0,0
9941,T1,150,Rubbing,0,0
9941,T1,150,Wallow,0,0
9941,T2,150,Pellet,0,0
9941,T2,150,Footprint,0,0
9941,T2,150,Rubbing,0,0
9941,T2,150,Wallow,0,0
4905,T1,150,Pellet,0,0
4905,T1,150,Footprint,0,0
4905,T1,150,Rubbing,0,0
4905,T1,150,Wallow,0,0
4905,T2,150,Pellet,0,0
4905,T2,150,Footprint,0,0
4905,T2,150,Rubbing,0,0
4905,T2,150,Wallow,0,0
4905,T3,150,Pellet,0,0
4905,T3,150,Footprint,0,0
4905,T3,150,Rubbing,0,0
4905,T3,150,Wallow,0,0
2602,T1,150,Pellet,0,0
2602,T1,150,Footprint,0,0
2602,T1,150,Rubbing,0,0
2602,T1,150,Wallow,0,0
2602,T2,150,Pellet,0,0
2602,T2,150,Footprint,0,0
2602,T2,150,Rubbing,0,0
2602,T2,150,Wallow,0,0
2602,T3,150,Pellet,0,0
2602,T3,150,Footprint,0,0
2602,T3,150,Rubbing,0,0
2602,T3,150,Wallow,0,0
832,T1,150,Pellet,0,0
832,T1,150,Footprint,0,0
832,T1,150,Rubbing,0,0
832,T1,150,Wallow,0,0
832,T2,150,Pellet,0,0
832,T2,150,Footprint,0,0
832,T2,150,Rubbing,0,0
832,T2,150,Wallow,0,0
832,T3,150,Pellet,0,0
832,T3,150,Footprint,0,0
832,T3,150,Rubbing,0,0
832,T3,150,Wallow,0,0
5173,T1,150,Pellet,0,0
5173,T1,150,Footprint,0,0
5173,T1,150,Rubbing,0,0
5173,T1,150,Wallow,0,0
5173,T2,150,Pellet,0,0
5173,T2,150,Footprint,0,0
5173,T2,150,Rubbing,0,0
5173,T2,150,Wallow,0,0
5173,T3,150,Pellet,0,0
5173,T3,150,Footprint,0,0
5173,T3,150,Rubbing,0,0
5173,T3,150,Wallow,0,0
4585,T1,150,Pellet,0,0
4585,T1,150,Footprint,0,0
4585,T1,150,Rubbing,0,0
4585,T1,150,Wallow,0,0
4585,T2,150,Pellet,0,0
4585,T2,150,Footprint,0,0
4585,T2,150,Rubbing,0,0
4585,T2,150,Wallow,0,0
4585,T3,150,Pellet,0,0
4585,T3,150,Footprint,0,0
4585,T3,150,Rubbing,0,0
4585,T3,150,Wallow,0,0
6727,T1,150,Pellet,0,0
6727,T1,150,Footprint,0,0
6727,T1,150,Rubbing,0,0
6727,T1,150,Wallow,0,0
6727,T2,150,Pellet,0,0
6727,T2,150,Footprint,0,0
6727,T2,150,Rubbing,0,0
6727,T2,150,Wallow,0,0
6727,T3,150,Pellet,0,0
6727,T3,150,Footprint,0,0
6727,T3,150,Rubbing,0,0
6727,T3,150,Wallow,0,0
6217,T1,150,Pellet,0,0
6217,T1,150,Footprint,0,0
6217,T1,150,Rubbing,0,0
6217,T1,150,Wallow,0,0
6217,T2,150,Pellet,0,0
6217,T2,150,Footprint,0,0
6217,T2,150,Rubbing,0,0
6217,T2,150,Wallow,0,0
6217,T3,150,Pellet,0,0
6217,T3,150,Footprint,0,0
6217,T3,150,Rubbing,0,0
6217,T3,150,Wallow,0,0
7113,T1,150,Pellet,0,0
7113,T1,150,Footprint,0,0
7113,T1,150,Rubbing,0,0
7113,T1,150,Wallow,0,0
7113,T2,150,Pellet,0,0
7113,T2,150,Footprint,0,0
7113,T2,150,Rubbing,0,0
7113,T2,150,Wallow,0,0
7113,T3,150,Pellet,0,0
7113,T3,150,Footprint,0,0
7113,T3,150,Rubbing,0,0
7113,T3,150,Wallow,0,0
12979,T1,150,Pellet,0,0
12979,T1,150,Footprint,0,0
12979,T1,150,Rubbing,0,0
12979,T1,150,Wallow,0,0
12979,T2,150,Pellet,0,0
12979,T2,150,Footprint,0,0
12979,T2,150,Rubbing,0,0
12979,T2,150,Wallow,0,0
12979,T3,150,Pellet,0,0
12979,T3,150,Footprint,0,0
12979,T3,150,Rubbing,0,0
12979,T3,150,Wallow,0,0
12812,T1,150,Pellet,0,0
12812,T1,150,Footprint,0,0
12812,T1,150,Rubbing,0,0
12812,T1,150,Wallow,0,0
12812,T2,150,Pellet,0,0
12812,T2,150,Footprint,0,0
12812,T2,150,Rubbing,0,0
12812,T2,150,Wallow,0,0
12812,T3,150,Pellet,0,0
12812,T3,150,Footprint,0,0
12812,T3,150,Rubbing,0,0
12812,T3,150,Wallow,0,0
14624,T1,135,Pellet,0,0
14624,T1,135,Footprint,0,0
14624,T1,135,Rubbing,0,0
14624,T1,135,Wallow,0,0
14624,T2,130,Pellet,0,0
14624,T2,130,Footprint,0,0
14624,T2,130,Rubbing,0,0
14624,T2,130,Wallow,0,0
14624,T3,150,Pellet,0,0
14624,T3,150,Footprint,0,0
14624,T3,150,Rubbing,0,0
14624,T3,150,Wallow,0,0
13421,T1,150,Pellet,0,0
13421,T1,150,Footprint,0,0
13421,T1,150,Rubbing,0,0
13421,T1,150,Wallow,0,0
13421,T2,150,Pellet,0,0
13421,T2,150,Footprint,0,0
13421,T2,150,Rubbing,0,0
13421,T2,150,Wallow,0,0
13421,T3,150,Pellet,0,0
13421,T3,150,Footprint,0,0
13421,T3,150,Rubbing,0,0
13421,T3,150,Wallow,0,0
13417,T1,150,Pellet,0,0
13417,T1,150,Footprint,0,0
13417,T1,150,Rubbing,0,0
13417,T1,150,Wallow,0,0
13417,T2,150,Pellet,0,0
13417,T2,150,Footprint,0,0
13417,T2,150,Rubbing,0,0
13417,T2,150,Wallow,0,0
13417,T3,150,Pellet,0,0
13417,T3,150,Footprint,0,0
13417,T3,150,Rubbing,0,0
13417,T3,150,Wallow,0,0
16293,T1,150,Pellet,0,0
16293,T1,150,Footprint,0,0
16293,T1,150,Rubbing,0,0
16293,T1,150,Wallow,0,0
16293,T2,150,Pellet,0,0
16293,T2,150,Footprint,0,0
16293,T2,150,Rubbing,0,0
16293,T2,150,Wallow,0,0
16293,T3,150,Pellet,0,0
16293,T3,150,Footprint,0,0
16293,T3,150,Rubbing,0,0
16293,T3,150,Wallow,0,0
24247,T1,150,Pellet,0,0
24247,T1,150,Footprint,0,0
24247,T1,150,Rubbing,0,0
24247,T1,150,Wallow,0,0
24247,T2,150,Pellet,0,0
24247,T2,150,Footprint,0,0
24247,T2,150,Rubbing,0,0
24247,T2,150,Wallow,0,0
24247,T3,150,Pellet,0,0
24247,T3,150,Footprint,0,0
24247,T3,150,Rubbing,0,0
24247,T3,150,Wallow,0,0
28724,T1,150,Pellet,0,0
28724,T1,150,Footprint,0,0
28724,T1,150,Rubbing,0,0
28724,T1,150,Wallow,0,0
28724,T2,150,Pellet,0,0
28724,T2,150,Footprint,0,0
28724,T2,150,Rubbing,0,0
28724,T2,150,Wallow,0,0
28724,T3,150,Pellet,0,0
28724,T3,150,Footprint,0,0
28724,T3,150,Rubbing,0,0
28724,T3,150,Wallow,0,0
27750,T1,150,Pellet,0,0
27750,T1,150,Footprint,0,0
27750,T1,150,Rubbing,0,0
27750,T1,150,Wallow,0,0
27750,T2,150,Pellet,0,0
27750,T2,150,Footprint,0,0
27750,T2,150,Rubbing,0,0
27750,T2,150,Wallow,0,0
27750,T3,150,Pellet,0,0
27750,T3,150,Footprint,0,0
27750,T3,150,Rubbing,0,0
27750,T3,150,Wallow,0,0
27448,T1,150,Pellet,0,0
27448,T1,150,Footprint,0,0
27448,T1,150,Rubbing,0,0
27448,T1,150,Wallow,0,0
27448,T2,150,Pellet,0,0
27448,T2,150,Footprint,0,0
27448,T2,150,Rubbing,0,0
27448,T2,150,Wallow,0,0
27448,T3,150,Pellet,0,0
27448,T3,150,Footprint,0,0
27448,T3,150,Rubbing,0,0
27448,T3,150,Wallow,0,0
32411,T1,150,Pellet,0,0
32411,T1,150,Footprint,0,0
32411,T1,150,Rubbing,0,0
32411,T1,150,Wallow,0,0
32411,T2,150,Pellet,0,0
32411,T2,150,Footprint,0,0
32411,T2,150,Rubbing,0,0
32411,T2,150,Wallow,0,0
32411,T3,150,Pellet,0,0
32411,T3,150,Footprint,0,0
32411,T3,150,Rubbing,0,0
32411,T3,150,Wallow,0,0
34729,T1,150,Pellet,0,0
34729,T1,150,Footprint,0,0
34729,T1,150,Rubbing,0,0
34729,T1,150,Wallow,0,0
34729,T2,150,Pellet,0,0
34729,T2,150,Footprint,0,0
34729,T2,150,Rubbing,0,0
34729,T2,150,Wallow,0,0
34729,T3,150,Pellet,0,0
34729,T3,150,Footprint,0,0
34729,T3,150,Rubbing,0,0
34729,T3,150,Wallow,0,0
31368,T1,150,Pellet,0,0
31368,T1,150,Footprint,0,0
31368,T1,150,Rubbing,0,0
31368,T1,150,Wallow,0,0
31368,T2,150,Pellet,0,0
31368,T2,150,Footprint,0,0
31368,T2,150,Rubbing,0,0
31368,T2,150,Wallow,0,0
31368,T3,150,Pellet,0,0
31368,T3,150,Footprint,0,0
31368,T3,150,Rubbing,0,0
31368,T3,150,Wallow,0,0
56881,T1,150,Pellet,1,1
56881,T1,150,Footprint,1,1
56881,T1,150,Rubbing,0,0
56881,T1,150,Wallow,0,0
56881,T2,150,Pellet,0,0
56881,T2,150,Footprint,0,0
56881,T2,150,Rubbing,0,0
56881,T2,150,Wallow,0,0
57619,T1,150,Pellet,0,0
57619,T1,150,Footprint,0,0
57619,T1,150,Rubbing,0,0
57619,T1,150,Wallow,0,0
57619,T2,150,Pellet,0,0
57619,T2,150,Footprint,1,1
57619,T2,150,Rubbing,0,0
57619,T2,150,Wallow,0,0
57470,T1,150,Pellet,0,0
57470,T1,150,Footprint,0,0
57470,T1,150,Rubbing,0,0
57470,T1,150,Wallow,0,0
57470,T2,150,Pellet,0,0
57470,T2,150,Footprint,0,0
57470,T2,150,Rubbing,0,0
57470,T2,150,Wallow,0,0
57470,T3,150,Pellet,0,0
57470,T3,150,Footprint,0,0
57470,T3,150,Rubbing,0,0
57470,T3,150,Wallow,0,0
56661,T1,15,Pellet,0,0
56661,T1,15,Footprint,0,0
56661,T1,15,Rubbing,0,0
56661,T1,15,Wallow,0,0
56661,T2,150,Pellet,0,0
56661,T2,150,Footprint,0,0
56661,T2,150,Rubbing,0,0
56661,T2,150,Wallow,0,0
57707,T1,150,Pellet,0,0
57707,T1,150,Footprint,0,0
57707,T1,150,Rubbing,0,0
57707,T1,150,Wallow,0,0
57707,T2,150,Pellet,0,0
57707,T2,150,Footprint,0,0
57707,T2,150,Rubbing,0,0
57707,T2,150,Wallow,0,0
57707,T3,150,Pellet,0,0
57707,T3,150,Footprint,0,0
57707,T3,150,Rubbing,0,0
57707,T3,150,Wallow,0,0
55785,T1,150,Pellet,0,0
55785,T1,150,Footprint,0,0
55785,T1,150,Rubbing,0,0
55785,T1,150,Wallow,0,0
55785,T2,150,Pellet,0,0
55785,T2,150,Footprint,0,0
55785,T2,150,Rubbing,0,0
55785,T2,150,Wallow,0,0
55785,T3,150,Pellet,0,0
55785,T3,150,Footprint,0,0
55785,T3,150,Rubbing,0,0
55785,T3,150,Wallow,0,0
57101,T1,150,Pellet,0,0
57101,T1,150,Footprint,0,0
57101,T1,150,Rubbing,0,0
57101,T1,150,Wallow,0,0
57101,T2,150,Pellet,0,0
57101,T2,150,Footprint,0,0
57101,T2,150,Rubbing,0,0
57101,T2,150,Wallow,0,0
57101,T3,150,Pellet,0,0
57101,T3,150,Footprint,0,0
57101,T3,150,Rubbing,0,0
57101,T3,150,Wallow,0,0
57166,T1,150,Pellet,0,0
57166,T1,150,Footprint,0,0
57166,T1,150,Rubbing,0,0
57166,T1,150,Wallow,0,0
57166,T2,150,Pellet,0,0
57166,T2,150,Footprint,0,0
57166,T2,150,Rubbing,0,0
57166,T2,150,Wallow,0,0
57166,T3,150,Pellet,0,0
57166,T3,150,Footprint,0,0
57166,T3,150,Rubbing,0,0
57166,T3,150,Wallow,0,0
57354,T1,150,Pellet,0,0
57354,T1,150,Footprint,0,0
57354,T1,150,Rubbing,0,0
57354,T1,150,Wallow,0,0
57354,T2,150,Pellet,0,0
57354,T2,150,Footprint,0,0
57354,T2,150,Rubbing,0,0
57354,T2,150,Wallow,0,0
57354,T3,150,Pellet,0,0
57354,T3,150,Footprint,0,0
57354,T3,150,Rubbing,0,0
57354,T3,150,Wallow,0,0
56637,T1,150,Pellet,0,0
56637,T1,150,Footprint,0,0
56637,T1,150,Rubbing,0,0
56637,T1,150,Wallow,0,0
56637,T2,150,Pellet,0,0
56637,T2,150,Footprint,0,0
56637,T2,150,Rubbing,0,0
56637,T2,150,Wallow,0,0
56637,T3,150,Pellet,0,0
56637,T3,150,Footprint,0,0
56637,T3,150,Rubbing,0,0
56637,T3,150,Wallow,0,0
37044,T1,150,Pellet,0,0
37044,T1,150,Footprint,0,0
37044,T1,150,Rubbing,0,0
37044,T1,150,Wallow,0,0
37044,T2,150,Pellet,0,0
37044,T2,150,Footprint,0,0
37044,T2,150,Rubbing,0,0
37044,T2,150,Wallow,0,0
37044,T3,150,Pellet,0,0
37044,T3,150,Footprint,0,0
37044,T3,150,Rubbing,0,0
37044,T3,150,Wallow,0,0
47865,T1,150,Pellet,0,0
47865,T1,150,Footprint,0,0
47865,T1,150,Rubbing,0,0
47865,T1,150,Wallow,0,0
47865,T2,150,Pellet,0,0
47865,T2,150,Footprint,0,0
47865,T2,150,Rubbing,0,0
47865,T2,150,Wallow,0,0
47865,T3,150,Pellet,0,0
47865,T3,150,Footprint,0,0
47865,T3,150,Rubbing,0,0
47865,T3,150,Wallow,0,0
47055,T1,150,Pellet,1,1
47055,T1,150,Footprint,0,0
47055,T1,150,Rubbing,1,1
47055,T1,150,Wallow,0,0
47055,T2,150,Pellet,0,0
47055,T2,150,Footprint,0,0
47055,T2,150,Rubbing,0,0
47055,T2,150,Wallow,0,0
47055,T3,150,Pellet,0,0
47055,T3,150,Footprint,0,0
47055,T3,150,Rubbing,0,0
47055,T3,150,Wallow,0,0
48387,T1,150,Pellet,2,1
48387,T1,150,Footprint,0,0
48387,T1,150,Rubbing,0,0
48387,T1,150,Wallow,0,0
48387,T2,150,Pellet,7,1
48387,T2,150,Footprint,0,0
48387,T2,150,Rubbing,0,0
48387,T2,150,Wallow,0,0
48387,T3,150,Pellet,0,0
48387,T3,150,Footprint,0,0
48387,T3,150,Rubbing,1,1
48387,T3,150,Wallow,0,0
46738,T1,150,Pellet,1,1
46738,T1,150,Footprint,0,0
46738,T1,150,Rubbing,1,1
46738,T1,150,Wallow,0,0
46738,T2,150,Pellet,0,0
46738,T2,150,Footprint,0,0
46738,T2,150,Rubbing,0,0
46738,T2,150,Wallow,0,0
46738,T3,150,Pellet,0,0
46738,T3,150,Footprint,0,0
46738,T3,150,Rubbing,0,0
46738,T3,150,Wallow,0,0
42792,T1,150,Pellet,0,0
42792,T1,150,Footprint,1,1
42792,T1,150,Rubbing,0,0
42792,T1,150,Wallow,0,0
42792,T2,150,Pellet,0,0
42792,T2,150,Footprint,1,1
42792,T2,150,Rubbing,0,0
42792,T2,150,Wallow,0,0
42792,T3,150,Pellet,0,0
42792,T3,150,Footprint,0,0
42792,T3,150,Rubbing,0,0
42792,T3,150,Wallow,0,0
43134,T1,150,Pellet,0,0
43134,T1,150,Footprint,0,0
43134,T1,150,Rubbing,0,0
43134,T1,150,Wallow,0,0
43134,T2,150,Pellet,0,0
43134,T2,150,Footprint,0,0
43134,T2,150,Rubbing,0,0
43134,T2,150,Wallow,0,0
43134,T3,150,Pellet,0,0
43134,T3,150,Footprint,0,0
43134,T3,150,Rubbing,0,0
43134,T3,150,Wallow,0,0
42352,T1,120,Pellet,0,0
42352,T1,120,Footprint,0,0
42352,T1,120,Rubbing,0,0
42352,T1,120,Wallow,0,0
42352,T2,120,Pellet,0,0
42352,T2,120,Footprint,0,0
42352,T2,120,Rubbing,0,0
42352,T2,120,Wallow,0,0
42352,T3,120,Pellet,0,0
42352,T3,120,Footprint,0,0
42352,T3,120,Rubbing,0,0
42352,T3,120,Wallow,0,0
39638,T1,150,Pellet,0,0
39638,T1,150,Footprint,0,0
39638,T1,150,Rubbing,0,0
39638,T1,150,Wallow,0,0
39638,T2,150,Pellet,0,0
39638,T2,150,Footprint,0,0
39638,T2,150,Rubbing,0,0
39638,T2,150,Wallow,0,0
39638,T3,150,Pellet,1,1
39638,T3,150,Footprint,1,1
39638,T3,150,Rubbing,0,0
39638,T3,150,Wallow,0,0
37852,T1,150,Pellet,1,1
37852,T1,150,Footprint,0,0
37852,T1,150,Rubbing,0,0
37852,T1,150,Wallow,0,0
37852,T2,150,Pellet,0,0
37852,T2,150,Footprint,1,1
37852,T2,150,Rubbing,0,0
37852,T2,150,Wallow,0,0
37852,T3,150,Pellet,0,0
37852,T3,150,Footprint,0,0
37852,T3,150,Rubbing,0,0
37852,T3,150,Wallow,0,0
54903,T1,150,Pellet,0,0
54903,T1,150,Footprint,0,0
54903,T1,150,Rubbing,0,0
54903,T1,150,Wallow,0,0
54903,T2,150,Pellet,0,0
54903,T2,150,Footprint,0,0
54903,T2,150,Rubbing,0,0
54903,T2,150,Wallow,0,0
54903,T3,150,Pellet,0,0
54903,T3,150,Footprint,0,0
54903,T3,150,Rubbing,0,0
54903,T3,150,Wallow,0,0
56621,T1,150,Pellet,0,0
56621,T1,150,Footprint,0,0
56621,T1,150,Rubbing,0,0
56621,T1,150,Wallow,0,0
56621,T2,150,Pellet,0,0
56621,T2,150,Footprint,0,0
56621,T2,150,Rubbing,0,0
56621,T2,150,Wallow,0,0
56621,T3,150,Pellet,0,0
56621,T3,150,Footprint,0,0
56621,T3,150,Rubbing,0,0
56621,T3,150,Wallow,0,0
56505,T1,150,Pellet,0,0
56505,T1,150,Footprint,0,0
56505,T1,150,Rubbing,0,0
56505,T1,150,Wallow,0,0
56505,T2,150,Pellet,1,1
56505,T2,150,Footprint,1,1
56505,T2,150,Rubbing,0,0
56505,T2,150,Wallow,0,0
56505,T3,150,Pellet,4,1
56505,T3,150,Footprint,1,1
56505,T3,150,Rubbing,0,0
56505,T3,150,Wallow,0,0
49897,T1,150,Pellet,0,0
49897,T1,150,Footprint,0,0
49897,T1,150,Rubbing,0,0
49897,T1,150,Wallow,0,0
49897,T2,150,Pellet,0,0
49897,T2,150,Footprint,0,0
49897,T2,150,Rubbing,0,0
49897,T2,150,Wallow,0,0
49897,T3,150,Pellet,0,0
49897,T3,150,Footprint,0,0
49897,T3,150,Rubbing,0,0
49897,T3,150,Wallow,0,0
49468,T3,150,Pellet,0,0
49468,T3,150,Footprint,0,0
49468,T3,150,Rubbing,2,1
49468,T3,150,Wallow,0,0
49468,T2,150,Pellet,0,0
49468,T2,150,Footprint,0,0
49468,T2,150,Rubbing,0,0
49468,T2,150,Wallow,0,0
49468,T1,150,Pellet,0,0
49468,T1,150,Footprint,1,1
49468,T1,150,Rubbing,0,0
49468,T1,150,Wallow,0,0
52438,T1,150,Pellet,0,0
52438,T1,150,Footprint,0,0
52438,T1,150,Rubbing,0,0
52438,T1,150,Wallow,0,0
52438,T2,150,Pellet,0,0
52438,T2,150,Footprint,1,1
52438,T2,150,Rubbing,0,0
52438,T2,150,Wallow,0,0
52438,T3,150,Pellet,0,0
52438,T3,150,Footprint,0,0
52438,T3,150,Rubbing,0,0
52438,T3,150,Wallow,0,0
47662,T3,150,Pellet,0,0
47662,T3,150,Footprint,0,0
47662,T3,150,Rubbing,0,0
47662,T3,150,Wallow,0,0
47662,T2,150,Pellet,0,0
47662,T2,150,Footprint,0,0
47662,T2,150,Rubbing,0,0
47662,T2,150,Wallow,0,0
47662,T1,150,Pellet,0,0
47662,T1,150,Footprint,0,0
47662,T1,150,Rubbing,0,0
47662,T1,150,Wallow,0,0
47271,T1,150,Pellet,0,0
47271,T1,150,Footprint,0,0
47271,T1,150,Rubbing,0,0
47271,T1,150,Wallow,0,0
47271,T2,150,Pellet,0,0
47271,T2,150,Footprint,0,0
47271,T2,150,Rubbing,0,0
47271,T2,150,Wallow,0,0
47271,T3,150,Pellet,0,0
47271,T3,150,Footprint,0,0
47271,T3,150,Rubbing,0,0
47271,T3,150,Wallow,0,0
45077,T1,150,Pellet,0,0
45077,T1,150,Footprint,0,0
45077,T1,150,Rubbing,0,0
45077,T1,150,Wallow,0,0
45077,T2,150,Pellet,0,0
45077,T2,150,Footprint,0,0
45077,T2,150,Rubbing,0,0
45077,T2,150,Wallow,0,0
45077,T3,150,Pellet,0,0
45077,T3,150,Footprint,0,0
45077,T3,150,Rubbing,0,0
45077,T3,150,Wallow,0,0
44911,T1,150,Pellet,0,0
44911,T1,150,Footprint,0,0
44911,T1,150,Rubbing,0,0
44911,T1,150,Wallow,0,0
44911,T2,150,Pellet,0,0
44911,T2,150,Footprint,0,0
44911,T2,150,Rubbing,0,0
44911,T2,150,Wallow,0,0
44911,T3,150,Pellet,0,0
44911,T3,150,Footprint,0,0
44911,T3,150,Rubbing,0,0
44911,T3,150,Wallow,0,0
46362,T1,150,Pellet,0,0
46362,T1,150,Footprint,0,0
46362,T1,150,Rubbing,0,0
46362,T1,150,Wallow,0,0
46362,T2,150,Pellet,0,0
46362,T2,150,Footprint,0,0
46362,T2,150,Rubbing,0,0
46362,T2,150,Wallow,0,0
46362,T3,150,Pellet,0,0
46362,T3,150,Footprint,0,0
46362,T3,150,Rubbing,0,0
46362,T3,150,Wallow,0,0
46453,T1,150,Pellet,0,0
46453,T1,150,Footprint,0,0
46453,T1,150,Rubbing,0,0
46453,T1,150,Wallow,0,0
46453,T2,150,Pellet,0,0
46453,T2,150,Footprint,0,0
46453,T2,150,Rubbing,0,0
46453,T2,150,Wallow,0,0
46453,T3,150,Pellet,0,0
46453,T3,150,Footprint,0,0
46453,T3,150,Rubbing,0,0
46453,T3,150,Wallow,0,0
45198,T1,150,Pellet,0,0
45198,T1,150,Footprint,1,1
45198,T1,150,Rubbing,1,1
45198,T1,150,Wallow,0,0
45198,T2,150,Pellet,0,0
45198,T2,150,Footprint,1,1
45198,T2,150,Rubbing,5,1
45198,T2,150,Wallow,0,0
45198,T3,150,Pellet,2,1
45198,T3,150,Footprint,1,1
45198,T3,150,Rubbing,1,1
45198,T3,150,Wallow,0,0
43958,T1,150,Pellet,0,0
43958,T1,150,Footprint,0,0
43958,T1,150,Rubbing,0,0
43958,T1,150,Wallow,0,0
43958,T2,150,Pellet,0,0
43958,T2,150,Footprint,0,0
43958,T2,150,Rubbing,0,0
43958,T2,150,Wallow,0,0
43958,T3,150,Pellet,0,0
43958,T3,150,Footprint,0,0
43958,T3,150,Rubbing,0,0
43958,T3,150,Wallow,0,0
44841,T1,150,Pellet,1,1
44841,T1,150,Footprint,0,0
44841,T1,150,Rubbing,0,0
44841,T1,150,Wallow,0,0
44841,T2,150,Pellet,4,1
44841,T2,150,Footprint,1,1
44841,T2,150,Rubbing,0,0
44841,T2,150,Wallow,0,0
44841,T3,150,Pellet,0,0
44841,T3,150,Footprint,0,0
44841,T3,150,Rubbing,0,0
44841,T3,150,Wallow,0,0
44225,T1,150,Pellet,0,0
44225,T1,150,Footprint,0,0
44225,T1,150,Rubbing,0,0
44225,T1,150,Wallow,0,0
44225,T2,150,Pellet,1,1
44225,T2,150,Footprint,0,0
44225,T2,150,Rubbing,0,0
44225,T2,150,Wallow,0,0
44225,T3,150,Pellet,1,1
44225,T3,150,Footprint,1,1
44225,T3,150,Rubbing,0,0
44225,T3,150,Wallow,0,0
42847,T1,150,Pellet,0,0
42847,T1,150,Footprint,0,0
42847,T1,150,Rubbing,0,0
42847,T1,150,Wallow,0,0
42847,T2,150,Pellet,0,0
42847,T2,150,Footprint,0,0
42847,T2,150,Rubbing,0,0
42847,T2,150,Wallow,0,0
42847,T3,15,Pellet,0,0
42847,T3,15,Footprint,0,0
42847,T3,15,Rubbing,0,0
42847,T3,15,Wallow,0,0
51790,T1,150,Pellet,0,0
51790,T1,150,Footprint,0,0
51790,T1,150,Rubbing,0,0
51790,T1,150,Wallow,0,0
51790,T2,150,Pellet,0,0
51790,T2,150,Footprint,0,0
51790,T2,150,Rubbing,0,0
51790,T2,150,Wallow,0,0
51790,T3,150,Pellet,0,0
51790,T3,150,Footprint,0,0
51790,T3,150,Rubbing,0,0
51790,T3,150,Wallow,0,0
53117,T1,150,Pellet,0,0
53117,T1,150,Footprint,1,1
53117,T1,150,Rubbing,0,0
53117,T1,150,Wallow,0,0
53117,T2,150,Pellet,0,0
53117,T2,150,Footprint,0,0
53117,T2,150,Rubbing,1,1
53117,T2,150,Wallow,0,0
53117,T3,150,Pellet,0,0
53117,T3,150,Footprint,0,0
53117,T3,150,Rubbing,0,0
53117,T3,150,Wallow,0,0
55192,T1,150,Pellet,0,0
55192,T1,150,Footprint,0,0
55192,T1,150,Rubbing,0,0
55192,T1,150,Wallow,0,0
55192,T2,150,Pellet,0,0
55192,T2,150,Footprint,0,0
55192,T2,150,Rubbing,0,0
55192,T2,150,Wallow,0,0
55192,T3,150,Pellet,0,0
55192,T3,150,Footprint,0,0
55192,T3,150,Rubbing,0,0
55192,T3,150,Wallow,0,0
41639,T1,150,Pellet,1,1
41639,T1,150,Footprint,1,1
41639,T1,150,Rubbing,0,0
41639,T1,150,Wallow,1,1
41639,T2,150,Pellet,0,0
41639,T2,150,Footprint,1,1
41639,T2,150,Rubbing,0,0
41639,T2,150,Wallow,0,0
41639,T3,150,Pellet,0,0
41639,T3,150,Footprint,1,1
41639,T3,150,Rubbing,0,0
41639,T3,150,Wallow,0,0
44749,T1,150,Pellet,0,0
44749,T1,150,Footprint,0,0
44749,T1,150,Rubbing,0,0
44749,T1,150,Wallow,0,0
44749,T2,50,Pellet,0,0
44749,T2,50,Footprint,0,0
44749,T2,50,Rubbing,0,0
44749,T2,50,Wallow,0,0
44749,T3,150,Pellet,0,0
44749,T3,150,Footprint,0,0
44749,T3,150,Rubbing,0,0
44749,T3,150,Wallow,0,0
43021,T1,150,Pellet,0,0
43021,T1,150,Footprint,0,0
43021,T1,150,Rubbing,0,0
43021,T1,150,Wallow,0,0
43021,T2,150,Pellet,0,0
43021,T2,150,Footprint,0,0
43021,T2,150,Rubbing,0,0
43021,T2,150,Wallow,0,0
43021,T3,150,Pellet,0,0
43021,T3,150,Footprint,0,0
43021,T3,150,Rubbing,0,0
43021,T3,150,Wallow,0,0
49111,T1,150,Pellet,0,0
49111,T1,150,Footprint,0,0
49111,T1,150,Rubbing,0,0
49111,T1,150,Wallow,0,0
49111,T2,150,Pellet,0,0
49111,T2,150,Footprint,0,0
49111,T2,150,Rubbing,0,0
49111,T2,150,Wallow,0,0
49111,T3,150,Pellet,2,1
49111,T3,150,Footprint,0,0
49111,T3,150,Rubbing,0,0
49111,T3,150,Wallow,0,0
51871,T1,150,Pellet,3,1
51871,T1,150,Footprint,0,0
51871,T1,150,Rubbing,0,0
51871,T1,150,Wallow,0,0
51871,T2,150,Pellet,7,1
51871,T2,150,Footprint,1,1
51871,T2,150,Rubbing,2,1
51871,T2,150,Wallow,0,0
51871,T3,150,Pellet,5,1
51871,T3,150,Footprint,1,1
51871,T3,150,Rubbing,0,0
51871,T3,150,Wallow,0,0
54817,T1,150,Pellet,6,1
54817,T1,150,Footprint,1,1
54817,T1,150,Rubbing,2,1
54817,T1,150,Wallow,0,0
54817,T2,150,Pellet,1,1
54817,T2,150,Footprint,0,0
54817,T2,150,Rubbing,0,0
54817,T2,150,Wallow,0,0
54817,T3,150,Pellet,8,1
54817,T3,150,Footprint,0,0
54817,T3,150,Rubbing,0,0
54817,T3,150,Wallow,0,0
53254,T1,150,Pellet,0,0
53254,T1,150,Footprint,0,0
53254,T1,150,Rubbing,0,0
53254,T1,150,Wallow,0,0
53254,T2,150,Pellet,1,1
53254,T2,150,Footprint,0,0
53254,T2,150,Rubbing,0,0
53254,T2,150,Wallow,0,0
53254,T3,150,Pellet,0,0
53254,T3,150,Footprint,0,0
53254,T3,150,Rubbing,0,0
53254,T3,150,Wallow,0,0
55092,T1,150,Pellet,0,0
55092,T1,150,Footprint,0,0
55092,T1,150,Rubbing,0,0
55092,T1,150,Wallow,0,0
55092,T2,150,Pellet,1,1
55092,T2,150,Footprint,0,0
55092,T2,150,Rubbing,0,0
55092,T2,150,Wallow,0,0
55092,T3,150,Pellet,12,1
55092,T3,150,Footprint,0,0
55092,T3,150,Rubbing,0,0
55092,T3,150,Wallow,0,0
54912,T1,150,Pellet,1,1
54912,T1,150,Footprint,1,1
54912,T1,150,Rubbing,0,0
54912,T1,150,Wallow,0,0
54912,T2,150,Pellet,0,0
54912,T2,150,Footprint,0,0
54912,T2,150,Rubbing,0,0
54912,T2,150,Wallow,0,0
54912,T3,150,Pellet,2,1
54912,T3,150,Footprint,0,0
54912,T3,150,Rubbing,0,0
54912,T3,150,Wallow,0,0
52018,T1,150,Pellet,0,0
52018,T1,150,Footprint,0,0
52018,T1,150,Rubbing,0,0
52018,T1,150,Wallow,0,0
52018,T2,150,Pellet,0,0
52018,T2,150,Footprint,0,0
52018,T2,150,Rubbing,0,0
52018,T2,150,Wallow,0,0
52018,T3,150,Pellet,0,0
52018,T3,150,Footprint,0,0
52018,T3,150,Rubbing,0,0
52018,T3,150,Wallow,0,0
51968,T1,150,Pellet,0,0
51968,T1,150,Footprint,0,0
51968,T1,150,Rubbing,0,0
51968,T1,150,Wallow,0,0
51968,T2,150,Pellet,0,0
51968,T2,150,Footprint,0,0
51968,T2,150,Rubbing,0,0
51968,T2,150,Wallow,0,0
51968,T3,150,Pellet,0,0
51968,T3,150,Footprint,0,0
51968,T3,150,Rubbing,0,0
51968,T3,150,Wallow,0,0
52036,T1,150,Pellet,2,1
52036,T1,150,Footprint,1,1
52036,T1,150,Rubbing,1,1
52036,T1,150,Wallow,0,0
52036,T2,150,Pellet,0,0
52036,T2,150,Footprint,1,1
52036,T2,150,Rubbing,0,0
52036,T2,150,Wallow,0,0
52036,T3,150,Pellet,0,0
52036,T3,150,Footprint,0,0
52036,T3,150,Rubbing,0,0
52036,T3,150,Wallow,0,0
52286,T1,150,Pellet,0,0
52286,T1,150,Footprint,0,0
52286,T1,150,Rubbing,0,0
52286,T1,150,Wallow,0,0
52286,T2,150,Pellet,0,0
52286,T2,150,Footprint,0,0
52286,T2,150,Rubbing,0,0
52286,T2,150,Wallow,0,0
52286,T3,150,Pellet,0,0
52286,T3,150,Footprint,0,0
52286,T3,150,Rubbing,0,0
52286,T3,150,Wallow,0,0
53282,T1,150,Pellet,0,0
53282,T1,150,Footprint,0,0
53282,T1,150,Rubbing,0,0
53282,T1,150,Wallow,0,0
53282,T2,150,Pellet,2,1
53282,T2,150,Footprint,0,0
53282,T2,150,Rubbing,0,0
53282,T2,150,Wallow,0,0
53282,T3,150,Pellet,0,0
53282,T3,150,Footprint,0,0
53282,T3,150,Rubbing,0,0
53282,T3,150,Wallow,0,0
54507,T1,150,Pellet,0,0
54507,T1,150,Footprint,0,0
54507,T1,150,Rubbing,0,0
54507,T1,150,Wallow,0,0
54507,T2,150,Pellet,0,0
54507,T2,150,Footprint,0,0
54507,T2,150,Rubbing,0,0
54507,T2,150,Wallow,0,0
54507,T3,150,Pellet,0,0
54507,T3,150,Footprint,0,0
54507,T3,150,Rubbing,0,0
54507,T3,150,Wallow,0,0
54669,T1,150,Pellet,0,0
54669,T1,150,Footprint,0,0
54669,T1,150,Rubbing,0,0
54669,T1,150,Wallow,0,0
54669,T2,150,Pellet,0,0
54669,T2,150,Footprint,0,0
54669,T2,150,Rubbing,0,0
54669,T2,150,Wallow,0,0
54669,T3,150,Pellet,0,0
54669,T3,150,Footprint,0,0
54669,T3,150,Rubbing,0,0
54669,T3,150,Wallow,0,0
53808,T1,150,Pellet,0,0
53808,T1,150,Footprint,1,1
53808,T1,150,Rubbing,0,0
53808,T1,150,Wallow,0,0
53808,T2,150,Pellet,2,1
53808,T2,150,Footprint,0,0
53808,T2,150,Rubbing,0,0
53808,T2,150,Wallow,0,0
53808,T3,150,Pellet,0,0
53808,T3,150,Footprint,0,0
53808,T3,150,Rubbing,1,1
53808,T3,150,Wallow,0,0
50819,T1,150,Pellet,0,0
50819,T1,150,Footprint,0,0
50819,T1,150,Rubbing,0,0
50819,T1,150,Wallow,0,0
50819,T2,150,Pellet,0,0
50819,T2,150,Footprint,0,0
50819,T2,150,Rubbing,0,0
50819,T2,150,Wallow,0,0
50819,T3,150,Pellet,1,1
50819,T3,150,Footprint,0,0
50819,T3,150,Rubbing,0,0
50819,T3,150,Wallow,0,0
49770,T1,150,Pellet,6,1
49770,T1,150,Footprint,0,0
49770,T1,150,Rubbing,0,0
49770,T1,150,Wallow,0,0
49770,T2,150,Pellet,8,1
49770,T2,150,Footprint,0,0
49770,T2,150,Rubbing,0,0
49770,T2,150,Wallow,0,0
49770,T3,150,Pellet,4,1
49770,T3,150,Footprint,0,0
49770,T3,150,Rubbing,0,0
49770,T3,150,Wallow,0,0
49768,T1,150,Pellet,0,0
49768,T1,150,Footprint,0,0
49768,T1,150,Rubbing,0,0
49768,T1,150,Wallow,0,0
49768,T2,150,Pellet,0,0
49768,T2,150,Footprint,0,0
49768,T2,150,Rubbing,0,0
49768,T2,150,Wallow,0,0
49768,T3,150,Pellet,0,0
49768,T3,150,Footprint,0,0
49768,T3,150,Rubbing,0,0
49768,T3,150,Wallow,0,0
49410,T1,150,Pellet,0,0
49410,T1,150,Footprint,0,0
49410,T1,150,Rubbing,0,0
49410,T1,150,Wallow,0,0
49410,T2,150,Pellet,0,0
49410,T2,150,Footprint,0,0
49410,T2,150,Rubbing,0,0
49410,T2,150,Wallow,0,0
49410,T3,150,Pellet,0,0
49410,T3,150,Footprint,0,0
49410,T3,150,Rubbing,0,0
49410,T3,150,Wallow,0,0
46236,T1,75,Pellet,1,1
46236,T1,75,Footprint,0,0
46236,T1,75,Rubbing,0,0
46236,T1,75,Wallow,0,0
46236,T2,75,Pellet,1,1
46236,T2,75,Footprint,0,0
46236,T2,75,Rubbing,0,0
46236,T2,75,Wallow,0,0
46236,T3,150,Pellet,0,0
46236,T3,150,Footprint,0,0
46236,T3,150,Rubbing,0,0
46236,T3,150,Wallow,0,0
45575,T1,120,Pellet,0,0
45575,T1,120,Footprint,0,0
45575,T1,120,Rubbing,0,0
45575,T1,120,Wallow,0,0
45575,T2,150,Pellet,0,0
45575,T2,150,Footprint,0,0
45575,T2,150,Rubbing,0,0
45575,T2,150,Wallow,0,0
45575,T3,150,Pellet,0,0
45575,T3,150,Footprint,0,0
45575,T3,150,Rubbing,0,0
45575,T3,150,Wallow,0,0
44679,T1,150,Pellet,0,0
44679,T1,150,Footprint,0,0
44679,T1,150,Rubbing,0,0
44679,T1,150,Wallow,0,0
44679,T2,150,Pellet,0,0
44679,T2,150,Footprint,0,0
44679,T2,150,Rubbing,0,0
44679,T2,150,Wallow,0,0
44679,T3,150,Pellet,0,0
44679,T3,150,Footprint,0,0
44679,T3,150,Rubbing,0,0
44679,T3,150,Wallow,0,0
44765,T1,150,Pellet,0,0
44765,T1,150,Footprint,0,0
44765,T1,150,Rubbing,0,0
44765,T1,150,Wallow,0,0
44765,T2,150,Pellet,0,0
44765,T2,150,Footprint,0,0
44765,T2,150,Rubbing,0,0
44765,T2,150,Wallow,0,0
44765,T3,150,Pellet,0,0
44765,T3,150,Footprint,0,0
44765,T3,150,Rubbing,0,0
44765,T3,150,Wallow,0,0
44499,T1,150,Pellet,1,1
44499,T1,150,Footprint,0,0
44499,T1,150,Rubbing,0,0
44499,T1,150,Wallow,0,0
44499,T2,150,Pellet,2,1
44499,T2,150,Footprint,0,0
44499,T2,150,Rubbing,0,0
44499,T2,150,Wallow,0,0
44499,T3,100,Pellet,0,0
44499,T3,100,Footprint,0,0
44499,T3,100,Rubbing,0,0
44499,T3,100,Wallow,0,0
42697,T1,110,Pellet,3,1
42697,T1,110,Footprint,1,1
42697,T1,110,Rubbing,0,0
42697,T1,110,Wallow,0,0
42697,T2,150,Pellet,0,0
42697,T2,150,Footprint,0,0
42697,T2,150,Rubbing,0,0
42697,T2,150,Wallow,0,0
42697,T3,190,Pellet,2,1
42697,T3,190,Footprint,0,0
42697,T3,190,Rubbing,0,0
42697,T3,190,Wallow,0,0
32232,T1,150,Pellet,0,0
32232,T1,150,Footprint,0,0
32232,T1,150,Rubbing,0,0
32232,T1,150,Wallow,0,0
32232,T2,150,Pellet,0,0
32232,T2,150,Footprint,0,0
32232,T2,150,Rubbing,0,0
32232,T2,150,Wallow,0,0
32232,T3,150,Pellet,0,0
32232,T3,150,Footprint,0,0
32232,T3,150,Rubbing,0,0
32232,T3,150,Wallow,0,0
17874,T1,150,Pellet,0,0
17874,T1,150,Footprint,0,0
17874,T1,150,Rubbing,0,0
17874,T1,150,Wallow,0,0
17874,T2,150,Pellet,0,0
17874,T2,150,Footprint,0,0
17874,T2,150,Rubbing,0,0
17874,T2,150,Wallow,0,0
17874,T3,150,Pellet,0,0
17874,T3,150,Footprint,0,0
17874,T3,150,Rubbing,0,0
17874,T3,150,Wallow,0,0
23205,T1,150,Pellet,0,0
23205,T1,150,Footprint,0,0
23205,T1,150,Rubbing,0,0
23205,T1,150,Wallow,0,0
23205,T2,150,Pellet,0,0
23205,T2,150,Footprint,0,0
23205,T2,150,Rubbing,0,0
23205,T2,150,Wallow,0,0
23205,T3,150,Pellet,0,0
23205,T3,150,Footprint,0,0
23205,T3,150,Rubbing,0,0
23205,T3,150,Wallow,0,0
30626,T1,150,Pellet,0,0
30626,T1,150,Footprint,0,0
30626,T1,150,Rubbing,0,0
30626,T1,150,Wallow,0,0
30626,T2,150,Pellet,0,0
30626,T2,150,Footprint,0,0
30626,T2,150,Rubbing,0,0
30626,T2,150,Wallow,0,0
30626,T3,150,Pellet,0,0
30626,T3,150,Footprint,0,0
30626,T3,150,Rubbing,0,0
30626,T3,150,Wallow,0,0
26712,T1,150,Pellet,0,0
26712,T1,150,Footprint,0,0
26712,T1,150,Rubbing,0,0
26712,T1,150,Wallow,0,0
26712,T2,150,Pellet,0,0
26712,T2,150,Footprint,0,0
26712,T2,150,Rubbing,0,0
26712,T2,150,Wallow,0,0
26712,T3,150,Pellet,0,0
26712,T3,150,Footprint,0,0
26712,T3,150,Rubbing,0,0
26712,T3,150,Wallow,0,0
23308,T1,150,Pellet,0,0
23308,T1,150,Footprint,0,0
23308,T1,150,Rubbing,0,0
23308,T1,150,Wallow,0,0
23308,T2,150,Pellet,0,0
23308,T2,150,Footprint,0,0
23308,T2,150,Rubbing,0,0
23308,T2,150,Wallow,0,0
23308,T3,150,Pellet,0,0
23308,T3,150,Footprint,0,0
23308,T3,150,Rubbing,0,0
23308,T3,150,Wallow,0,0
27184,T1,150,Pellet,0,0
27184,T1,150,Footprint,0,0
27184,T1,150,Rubbing,0,0
27184,T1,150,Wallow,0,0
27184,T2,150,Pellet,0,0
27184,T2,150,Footprint,0,0
27184,T2,150,Rubbing,0,0
27184,T2,150,Wallow,0,0
27184,T3,150,Pellet,0,0
27184,T3,150,Footprint,0,0
27184,T3,150,Rubbing,0,0
27184,T3,150,Wallow,0,0
29886,T1,150,Pellet,0,0
29886,T1,150,Footprint,0,0
29886,T1,150,Rubbing,0,0
29886,T1,150,Wallow,0,0
29886,T2,150,Pellet,0,0
29886,T2,150,Footprint,0,0
29886,T2,150,Rubbing,0,0
29886,T2,150,Wallow,0,0
29886,T3,150,Pellet,0,0
29886,T3,150,Footprint,0,0
29886,T3,150,Rubbing,0,0
29886,T3,150,Wallow,0,0
31764,T1,150,Pellet,0,0
31764,T1,150,Footprint,0,0
31764,T1,150,Rubbing,0,0
31764,T1,150,Wallow,0,0
31764,T2,150,Pellet,0,0
31764,T2,150,Footprint,0,0
31764,T2,150,Rubbing,0,0
31764,T2,150,Wallow,0,0
31764,T3,150,Pellet,0,0
31764,T3,150,Footprint,0,0
31764,T3,150,Rubbing,0,0
31764,T3,150,Wallow,0,0
16290,T1,140,Pellet,0,0
16290,T1,140,Footprint,0,0
16290,T1,140,Rubbing,0,0
16290,T1,140,Wallow,0,0
16290,T2,150,Pellet,0,0
16290,T2,150,Footprint,0,0
16290,T2,150,Rubbing,0,0
16290,T2,150,Wallow,0,0
16290,T3,150,Pellet,0,0
16290,T3,150,Footprint,0,0
16290,T3,150,Rubbing,0,0
16290,T3,150,Wallow,0,0
16177,T1,140,Pellet,0,0
16177,T1,140,Footprint,0,0
16177,T1,140,Rubbing,0,0
16177,T1,140,Wallow,0,0
16177,T2,150,Pellet,0,0
16177,T2,150,Footprint,0,0
16177,T2,150,Rubbing,0,0
16177,T2,150,Wallow,0,0
16177,T3,150,Pellet,0,0
16177,T3,150,Footprint,0,0
16177,T3,150,Rubbing,0,0
16177,T3,150,Wallow,0,0
15300,T1,160,Pellet,0,0
15300,T1,160,Footprint,0,0
15300,T1,160,Rubbing,0,0
15300,T1,160,Wallow,0,0
15300,T2,150,Pellet,0,0
15300,T2,150,Footprint,0,0
15300,T2,150,Rubbing,0,0
15300,T2,150,Wallow,0,0
15300,T3,150,Pellet,0,0
15300,T3,150,Footprint,0,0
15300,T3,150,Rubbing,0,0
15300,T3,150,Wallow,0,0
13786,T1,150,Pellet,0,0
13786,T1,150,Footprint,0,0
13786,T1,150,Rubbing,0,0
13786,T1,150,Wallow,0,0
13786,T2,150,Pellet,0,0
13786,T2,150,Footprint,0,0
13786,T2,150,Rubbing,0,0
13786,T2,150,Wallow,0,0
13786,T3,150,Pellet,0,0
13786,T3,150,Footprint,0,0
13786,T3,150,Rubbing,0,0
13786,T3,150,Wallow,0,0
12933,T1,150,Pellet,0,0
12933,T1,150,Footprint,0,0
12933,T1,150,Rubbing,0,0
12933,T1,150,Wallow,0,0
12933,T2,150,Pellet,0,0
12933,T2,150,Footprint,0,0
12933,T2,150,Rubbing,0,0
12933,T2,150,Wallow,0,0
12933,T3,150,Pellet,0,0
12933,T3,150,Footprint,0,0
12933,T3,150,Rubbing,0,0
12933,T3,150,Wallow,0,0
8300,T1,150,Pellet,0,0
8300,T1,150,Footprint,0,0
8300,T1,150,Rubbing,0,0
8300,T1,150,Wallow,0,0
8300,T2,150,Pellet,0,0
8300,T2,150,Footprint,0,0
8300,T2,150,Rubbing,0,0
8300,T2,150,Wallow,0,0
8300,T3,150,Pellet,0,0
8300,T3,150,Footprint,0,0
8300,T3,150,Rubbing,0,0
8300,T3,150,Wallow,0,0
5232,T1,140,Pellet,0,0
5232,T1,140,Footprint,0,0
5232,T1,140,Rubbing,0,0
5232,T1,140,Wallow,0,0
5232,T2,150,Pellet,0,0
5232,T2,150,Footprint,0,0
5232,T2,150,Rubbing,0,0
5232,T2,150,Wallow,0,0
5232,T3,150,Pellet,0,0
5232,T3,150,Footprint,0,0
5232,T3,150,Rubbing,0,0
5232,T3,150,Wallow,0,0
1957,T1,160,Pellet,0,0
1957,T1,160,Footprint,0,0
1957,T1,160,Rubbing,0,0
1957,T1,160,Wallow,0,0
1957,T2,150,Pellet,0,0
1957,T2,150,Footprint,0,0
1957,T2,150,Rubbing,0,0
1957,T2,150,Wallow,0,0
1957,T3,150,Pellet,0,0
1957,T3,150,Footprint,0,0
1957,T3,150,Rubbing,0,0
1957,T3,150,Wallow,0,0
1358,T1,150,Pellet,0,0
1358,T1,150,Footprint,0,0
1358,T1,150,Rubbing,0,0
1358,T1,150,Wallow,0,0
1358,T2,150,Pellet,0,0
1358,T2,150,Footprint,0,0
1358,T2,150,Rubbing,0,0
1358,T2,150,Wallow,0,0
1358,T3,150,Pellet,0,0
1358,T3,150,Footprint,0,0
1358,T3,150,Rubbing,0,0
1358,T3,150,Wallow,0,0
1479,T1,150,Pellet,0,0
1479,T1,150,Footprint,0,0
1479,T1,150,Rubbing,0,0
1479,T1,150,Wallow,0,0
1479,T2,150,Pellet,0,0
1479,T2,150,Footprint,0,0
1479,T2,150,Rubbing,0,0
1479,T2,150,Wallow,0,0
1479,T3,150,Pellet,0,0
1479,T3,150,Footprint,0,0
1479,T3,150,Rubbing,0,0
1479,T3,150,Wallow,0,0
3416,T1,160,Pellet,0,0
3416,T1,160,Footprint,0,0
3416,T1,160,Rubbing,0,0
3416,T1,160,Wallow,0,0
3416,T2,150,Pellet,0,0
3416,T2,150,Footprint,0,0
3416,T2,150,Rubbing,0,0
3416,T2,150,Wallow,0,0
3416,T3,150,Pellet,0,0
3416,T3,150,Footprint,0,0
3416,T3,150,Rubbing,0,0
3416,T3,150,Wallow,0,0
3787,T1,150,Pellet,0,0
3787,T1,150,Footprint,0,0
3787,T1,150,Rubbing,0,0
3787,T1,150,Wallow,0,0
3787,T2,150,Pellet,0,0
3787,T2,150,Footprint,0,0
3787,T2,150,Rubbing,0,0
3787,T2,150,Wallow,0,0
3787,T3,150,Pellet,0,0
3787,T3,150,Footprint,0,0
3787,T3,150,Rubbing,0,0
3787,T3,150,Wallow,0,0
7455,T1,115,Pellet,0,0
7455,T1,115,Footprint,0,0
7455,T1,115,Rubbing,0,0
7455,T1,115,Wallow,0,0
7455,T2,150,Pellet,0,0
7455,T2,150,Footprint,0,0
7455,T2,150,Rubbing,0,0
7455,T2,150,Wallow,0,0
7455,T3,150,Pellet,0,0
7455,T3,150,Footprint,0,0
7455,T3,150,Rubbing,0,0
7455,T3,150,Wallow,0,0
7323,T1,140,Pellet,0,0
7323,T1,140,Footprint,0,0
7323,T1,140,Rubbing,0,0
7323,T1,140,Wallow,0,0
7323,T2,150,Pellet,0,0
7323,T2,150,Footprint,0,0
7323,T2,150,Rubbing,0,0
7323,T2,150,Wallow,0,0
7323,T3,150,Pellet,0,0
7323,T3,150,Footprint,0,0
7323,T3,150,Rubbing,0,0
7323,T3,150,Wallow,0,0
11084,T1,150,Pellet,0,0
11084,T1,150,Footprint,0,0
11084,T1,150,Rubbing,0,0
11084,T1,150,Wallow,0,0
11084,T2,150,Pellet,0,0
11084,T2,150,Footprint,0,0
11084,T2,150,Rubbing,0,0
11084,T2,150,Wallow,0,0
11084,T3,150,Pellet,0,0
11084,T3,150,Footprint,0,0
11084,T3,150,Rubbing,0,0
11084,T3,150,Wallow,0,0
14692,T1,150,Pellet,0,0
14692,T1,150,Footprint,0,0
14692,T1,150,Rubbing,0,0
14692,T1,150,Wallow,0,0
14692,T2,150,Pellet,0,0
14692,T2,150,Footprint,0,0
14692,T2,150,Rubbing,0,0
14692,T2,150,Wallow,0,0
14692,T3,150,Pellet,0,0
14692,T3,150,Footprint,0,0
14692,T3,150,Rubbing,0,0
14692,T3,150,Wallow,0,0
14226,T1,150,Pellet,0,0
14226,T1,150,Footprint,0,0
14226,T1,150,Rubbing,0,0
14226,T1,150,Wallow,0,0
14226,T2,150,Pellet,0,0
14226,T2,150,Footprint,0,0
14226,T2,150,Rubbing,0,0
14226,T2,150,Wallow,0,0
14226,T3,150,Pellet,0,0
14226,T3,150,Footprint,0,0
14226,T3,150,Rubbing,0,0
14226,T3,150,Wallow,0,0
12887,T1,150,Pellet,0,0
12887,T1,150,Footprint,0,0
12887,T1,150,Rubbing,0,0
12887,T1,150,Wallow,0,0
12887,T2,150,Pellet,0,0
12887,T2,150,Footprint,0,0
12887,T2,150,Rubbing,0,0
12887,T2,150,Wallow,0,0
12887,T3,150,Pellet,0,0
12887,T3,150,Footprint,0,0
12887,T3,150,Rubbing,0,0
12887,T3,150,Wallow,0,0
27149,T1,150,Pellet,0,0
27149,T1,150,Footprint,0,0
27149,T1,150,Rubbing,0,0
27149,T1,150,Wallow,0,0
27149,T2,150,Pellet,0,0
27149,T2,150,Footprint,0,0
27149,T2,150,Rubbing,0,0
27149,T2,150,Wallow,0,0
27149,T3,150,Pellet,0,0
27149,T3,150,Footprint,0,0
27149,T3,150,Rubbing,0,0
27149,T3,150,Wallow,0,0
32405,T1,150,Pellet,0,0
32405,T1,150,Footprint,0,0
32405,T1,150,Rubbing,0,0
32405,T1,150,Wallow,0,0
32405,T2,150,Pellet,0,0
32405,T2,150,Footprint,0,0
32405,T2,150,Rubbing,0,0
32405,T2,150,Wallow,0,0
32405,T3,150,Pellet,0,0
32405,T3,150,Footprint,0,0
32405,T3,150,Rubbing,0,0
32405,T3,150,Wallow,0,0
33376,T1,150,Pellet,0,0
33376,T1,150,Footprint,0,0
33376,T1,150,Rubbing,0,0
33376,T1,150,Wallow,0,0
33376,T2,150,Pellet,0,0
33376,T2,150,Footprint,0,0
33376,T2,150,Rubbing,0,0
33376,T2,150,Wallow,0,0
33376,T3,150,Pellet,0,0
33376,T3,150,Footprint,0,0
33376,T3,150,Rubbing,0,0
33376,T3,150,Wallow,0,0
34504,T1,150,Pellet,0,0
34504,T1,150,Footprint,0,0
34504,T1,150,Rubbing,0,0
34504,T1,150,Wallow,0,0
34504,T2,150,Pellet,0,0
34504,T2,150,Footprint,0,0
34504,T2,150,Rubbing,0,0
34504,T2,150,Wallow,0,0
34504,T3,150,Pellet,0,0
34504,T3,150,Footprint,0,0
34504,T3,150,Rubbing,0,0
34504,T3,150,Wallow,0,0
35075,T1,150,Pellet,0,0
35075,T1,150,Footprint,0,0
35075,T1,150,Rubbing,0,0
35075,T1,150,Wallow,0,0
35075,T2,150,Pellet,0,0
35075,T2,150,Footprint,0,0
35075,T2,150,Rubbing,0,0
35075,T2,150,Wallow,0,0
35075,T3,150,Pellet,0,0
35075,T3,150,Footprint,0,0
35075,T3,150,Rubbing,0,0
35075,T3,150,Wallow,0,0
36749,T1,150,Pellet,13,1
36749,T1,150,Footprint,0,0
36749,T1,150,Rubbing,0,0
36749,T1,150,Wallow,0,0
36749,T3,150,Pellet,12,1
36749,T3,150,Footprint,1,1
36749,T3,150,Rubbing,0,0
36749,T3,150,Wallow,0,0
36749,T2,150,Pellet,4,1
36749,T2,150,Footprint,1,1
36749,T2,150,Rubbing,0,0
36749,T2,150,Wallow,0,0
28112,T1,150,Pellet,0,0
28112,T1,150,Footprint,0,0
28112,T1,150,Rubbing,0,0
28112,T1,150,Wallow,0,0
28112,T2,0,Pellet,0,0
28112,T2,0,Footprint,0,0
28112,T2,0,Rubbing,0,0
28112,T2,0,Wallow,0,0
28112,T3,0,Pellet,0,0
28112,T3,0,Footprint,0,0
28112,T3,0,Rubbing,0,0
28112,T3,0,Wallow,0,0
20703,T1,0,Pellet,0,0
20703,T1,0,Footprint,0,0
20703,T1,0,Rubbing,0,0
20703,T1,0,Wallow,0,0
20703,T2,0,Pellet,0,0
20703,T2,0,Footprint,0,0
20703,T2,0,Rubbing,0,0
20703,T2,0,Wallow,0,0
20703,T3,150,Pellet,0,0
20703,T3,150,Footprint,0,0
20703,T3,150,Rubbing,0,0
20703,T3,150,Wallow,0,0
32597,T1,150,Pellet,0,0
32597,T1,150,Footprint,0,0
32597,T1,150,Rubbing,0,0
32597,T1,150,Wallow,0,0
32597,T2,150,Pellet,0,0
32597,T2,150,Footprint,0,0
32597,T2,150,Rubbing,0,0
32597,T2,150,Wallow,0,0
32597,T3,150,Pellet,0,0
32597,T3,150,Footprint,0,0
32597,T3,150,Rubbing,0,0
32597,T3,150,Wallow,0,0
26826,T1,150,Pellet,0,0
26826,T1,150,Footprint,0,0
26826,T1,150,Rubbing,0,0
26826,T1,150,Wallow,0,0
26826,T2,150,Pellet,0,0
26826,T2,150,Footprint,0,0
26826,T2,150,Rubbing,0,0
26826,T2,150,Wallow,0,0
26826,T3,150,Pellet,0,0
26826,T3,150,Footprint,0,0
26826,T3,150,Rubbing,0,0
26826,T3,150,Wallow,0,0
28341,T1,150,Pellet,0,0
28341,T1,150,Footprint,0,0
28341,T1,150,Rubbing,0,0
28341,T1,150,Wallow,0,0
28341,T2,150,Pellet,0,0
28341,T2,150,Footprint,0,0
28341,T2,150,Rubbing,0,0
28341,T2,150,Wallow,0,0
28341,T3,150,Pellet,0,0
28341,T3,150,Footprint,0,0
28341,T3,150,Rubbing,0,0
28341,T3,150,Wallow,0,0
24138,T1,150,Pellet,0,0
24138,T1,150,Footprint,0,0
24138,T1,150,Rubbing,0,0
24138,T1,150,Wallow,0,0
24138,T2,0,Pellet,0,0
24138,T2,0,Footprint,0,0
24138,T2,0,Rubbing,0,0
24138,T2,0,Wallow,0,0
24138,T3,0,Pellet,0,0
24138,T3,0,Footprint,0,0
24138,T3,0,Rubbing,0,0
24138,T3,0,Wallow,0,0
31003,T1,150,Pellet,0,0
31003,T1,150,Footprint,0,0
31003,T1,150,Rubbing,0,0
31003,T1,150,Wallow,0,0
31003,T2,150,Pellet,0,0
31003,T2,150,Footprint,0,0
31003,T2,150,Rubbing,0,0
31003,T2,150,Wallow,0,0
31003,T3,150,Pellet,0,0
31003,T3,150,Footprint,0,0
31003,T3,150,Rubbing,0,0
31003,T3,150,Wallow,0,0
11733,T1,150,Pellet,0,0
11733,T1,150,Footprint,0,0
11733,T1,150,Rubbing,0,0
11733,T1,150,Wallow,0,0
11733,T2,0,Pellet,0,0
11733,T2,0,Footprint,0,0
11733,T2,0,Rubbing,0,0
11733,T2,0,Wallow,0,0
11733,T3,0,Pellet,0,0
11733,T3,0,Footprint,0,0
11733,T3,0,Rubbing,0,0
11733,T3,0,Wallow,0,0
3760,T1,45,Pellet,0,0
3760,T1,45,Footprint,0,0
3760,T1,45,Rubbing,0,0
3760,T1,45,Wallow,0,0
3760,T3,150,Pellet,0,0
3760,T3,150,Footprint,0,0
3760,T3,150,Rubbing,0,0
3760,T3,150,Wallow,0,0
3760,T2,150,Pellet,0,0
3760,T2,150,Footprint,0,0
3760,T2,150,Rubbing,0,0
3760,T2,150,Wallow,0,0
2661,T1,150,Pellet,0,0
2661,T1,150,Footprint,0,0
2661,T1,150,Rubbing,0,0
2661,T1,150,Wallow,0,0
2661,T2,150,Pellet,0,0
2661,T2,150,Footprint,0,0
2661,T2,150,Rubbing,0,0
2661,T2,150,Wallow,0,0
2661,T3,150,Pellet,0,0
2661,T3,150,Footprint,0,0
2661,T3,150,Rubbing,0,0
2661,T3,150,Wallow,0,0
115,T1,150,Pellet,0,0
115,T1,150,Footprint,0,0
115,T1,150,Rubbing,0,0
115,T1,150,Wallow,0,0
115,T2,150,Pellet,0,0
115,T2,150,Footprint,0,0
115,T2,150,Rubbing,0,0
115,T2,150,Wallow,0,0
115,T3,150,Pellet,0,0
115,T3,150,Footprint,0,0
115,T3,150,Rubbing,0,0
115,T3,150,Wallow,0,0
2630,T1,150,Pellet,0,0
2630,T1,150,Footprint,0,0
2630,T1,150,Rubbing,0,0
2630,T1,150,Wallow,0,0
2630,T2,150,Pellet,0,0
2630,T2,150,Footprint,0,0
2630,T2,150,Rubbing,0,0
2630,T2,150,Wallow,0,0
2630,T3,150,Pellet,0,0
2630,T3,150,Footprint,0,0
2630,T3,150,Rubbing,0,0
2630,T3,150,Wallow,0,0
8721,T1,150,Pellet,0,0
8721,T1,150,Footprint,0,0
8721,T1,150,Rubbing,0,0
8721,T1,150,Wallow,0,0
8721,T2,150,Pellet,0,0
8721,T2,150,Footprint,0,0
8721,T2,150,Rubbing,0,0
8721,T2,150,Wallow,0,0
8721,T3,150,Pellet,0,0
8721,T3,150,Footprint,0,0
8721,T3,150,Rubbing,0,0
8721,T3,150,Wallow,0,0
6794,T1,150,Pellet,0,0
6794,T1,150,Footprint,0,0
6794,T1,150,Rubbing,0,0
6794,T1,150,Wallow,0,0
6794,T2,150,Pellet,0,0
6794,T2,150,Footprint,0,0
6794,T2,150,Rubbing,0,0
6794,T2,150,Wallow,0,0
6794,T3,150,Pellet,0,0
6794,T3,150,Footprint,0,0
6794,T3,150,Rubbing,0,0
6794,T3,150,Wallow,0,0
900,T1,150,Pellet,0,0
900,T1,150,Footprint,0,0
900,T1,150,Rubbing,0,0
900,T1,150,Wallow,0,0
900,T2,150,Pellet,0,0
900,T2,150,Footprint,0,0
900,T2,150,Rubbing,0,0
900,T2,150,Wallow,0,0
900,T3,150,Pellet,0,0
900,T3,150,Footprint,0,0
900,T3,150,Rubbing,0,0
900,T3,150,Wallow,0,0
3176,T1,150,Pellet,0,0
3176,T1,150,Footprint,0,0
3176,T1,150,Rubbing,0,0
3176,T1,150,Wallow,0,0
3176,T2,150,Pellet,0,0
3176,T2,150,Footprint,0,0
3176,T2,150,Rubbing,0,0
3176,T2,150,Wallow,0,0
3176,T3,150,Pellet,0,0
3176,T3,150,Footprint,0,0
3176,T3,150,Rubbing,0,0
3176,T3,150,Wallow,0,0
15628,T1,150,Pellet,0,0
15628,T1,150,Footprint,0,0
15628,T1,150,Rubbing,0,0
15628,T1,150,Wallow,0,0
15628,T2,150,Pellet,0,0
15628,T2,150,Footprint,0,0
15628,T2,150,Rubbing,0,0
15628,T2,150,Wallow,0,0
15628,T3,150,Pellet,0,0
15628,T3,150,Footprint,0,0
15628,T3,150,Rubbing,0,0
15628,T3,150,Wallow,0,0
11805,T1,150,Pellet,0,0
11805,T1,150,Footprint,0,0
11805,T1,150,Rubbing,0,0
11805,T1,150,Wallow,0,0
11805,T2,0,Pellet,0,0
11805,T2,0,Footprint,0,0
11805,T2,0,Rubbing,0,0
11805,T2,0,Wallow,0,0
11805,T3,0,Pellet,0,0
11805,T3,0,Footprint,0,0
11805,T3,0,Rubbing,0,0
11805,T3,0,Wallow,0,0
14276,T1,150,Pellet,0,0
14276,T1,150,Footprint,0,0
14276,T1,150,Rubbing,0,0
14276,T1,150,Wallow,0,0
14276,T2,150,Pellet,0,0
14276,T2,150,Footprint,0,0
14276,T2,150,Rubbing,0,0
14276,T2,150,Wallow,0,0
14276,T3,150,Pellet,0,0
14276,T3,150,Footprint,0,0
14276,T3,150,Rubbing,0,0
14276,T3,150,Wallow,0,0
16508,T1,150,Pellet,0,0
16508,T1,150,Footprint,0,0
16508,T1,150,Rubbing,0,0
16508,T1,150,Wallow,0,0
16508,T2,0,Pellet,0,0
16508,T2,0,Footprint,0,0
16508,T2,0,Rubbing,0,0
16508,T2,0,Wallow,0,0
16508,T3,0,Pellet,0,0
16508,T3,0,Footprint,0,0
16508,T3,0,Rubbing,0,0
16508,T3,0,Wallow,0,0
16615,T1,150,Pellet,0,0
16615,T1,150,Footprint,0,0
16615,T1,150,Rubbing,0,0
16615,T1,150,Wallow,0,0
16615,T2,150,Pellet,0,0
16615,T2,150,Footprint,0,0
16615,T2,150,Rubbing,0,0
16615,T2,150,Wallow,0,0
16615,T3,150,Pellet,0,0
16615,T3,150,Footprint,0,0
16615,T3,150,Rubbing,0,0
16615,T3,150,Wallow,0,0
10788,T1,150,Pellet,0,0
10788,T1,150,Footprint,0,0
10788,T1,150,Rubbing,0,0
10788,T1,150,Wallow,0,0
10788,T2,150,Pellet,0,0
10788,T2,150,Footprint,0,0
10788,T2,150,Rubbing,0,0
10788,T2,150,Wallow,0,0
10788,T3,150,Pellet,0,0
10788,T3,150,Footprint,0,0
10788,T3,150,Rubbing,0,0
10788,T3,150,Wallow,0,0
25067,T1,150,Pellet,0,0
25067,T1,150,Footprint,0,0
25067,T1,150,Rubbing,0,0
25067,T1,150,Wallow,0,0
25067,T2,150,Pellet,0,0
25067,T2,150,Footprint,0,0
25067,T2,150,Rubbing,0,0
25067,T2,150,Wallow,0,0
25067,T3,150,Pellet,0,0
25067,T3,150,Footprint,0,0
25067,T3,150,Rubbing,0,0
25067,T3,150,Wallow,0,0
26361,T1,150,Pellet,0,0
26361,T1,150,Footprint,0,0
26361,T1,150,Rubbing,0,0
26361,T1,150,Wallow,0,0
26361,T2,150,Pellet,0,0
26361,T2,150,Footprint,0,0
26361,T2,150,Rubbing,0,0
26361,T2,150,Wallow,0,0
26361,T3,150,Pellet,0,0
26361,T3,150,Footprint,0,0
26361,T3,150,Rubbing,0,0
26361,T3,150,Wallow,0,0
26873,T1,150,Pellet,0,0
26873,T1,150,Footprint,0,0
26873,T1,150,Rubbing,0,0
26873,T1,150,Wallow,0,0
26873,T2,150,Pellet,0,0
26873,T2,150,Footprint,0,0
26873,T2,150,Rubbing,0,0
26873,T2,150,Wallow,0,0
26873,T3,90,Pellet,0,0
26873,T3,90,Footprint,0,0
26873,T3,90,Rubbing,0,0
26873,T3,90,Wallow,0,0
29053,T1,150,Pellet,0,0
29053,T1,150,Footprint,0,0
29053,T1,150,Rubbing,0,0
29053,T1,150,Wallow,0,0
29053,T2,150,Pellet,0,0
29053,T2,150,Footprint,0,0
29053,T2,150,Rubbing,0,0
29053,T2,150,Wallow,0,0
29053,T3,150,Pellet,0,0
29053,T3,150,Footprint,0,0
29053,T3,150,Rubbing,0,0
29053,T3,150,Wallow,0,0
48256,T1,150,Pellet,0,0
48256,T1,150,Footprint,0,0
48256,T1,150,Rubbing,0,0
48256,T1,150,Wallow,0,0
48256,T2,150,Pellet,0,0
48256,T2,150,Footprint,0,0
48256,T2,150,Rubbing,0,0
48256,T2,150,Wallow,0,0
48256,T3,150,Pellet,0,0
48256,T3,150,Footprint,0,0
48256,T3,150,Rubbing,0,0
48256,T3,150,Wallow,0,0
54462,T1,15,Pellet,0,0
54462,T1,15,Footprint,0,0
54462,T1,15,Rubbing,6,1
54462,T1,15,Wallow,0,0
54462,T2,150,Pellet,0,0
54462,T2,150,Footprint,0,0
54462,T2,150,Rubbing,0,0
54462,T2,150,Wallow,0,0
54462,T3,150,Pellet,0,0
54462,T3,150,Footprint,0,0
54462,T3,150,Rubbing,1,1
54462,T3,150,Wallow,0,0
57857,T1,150,Pellet,0,0
57857,T1,150,Footprint,0,0
57857,T1,150,Rubbing,0,0
57857,T1,150,Wallow,0,0
57857,T2,150,Pellet,0,0
57857,T2,150,Footprint,0,0
57857,T2,150,Rubbing,3,1
57857,T2,150,Wallow,0,0
57857,T3,150,Pellet,0,0
57857,T3,150,Footprint,0,0
57857,T3,150,Rubbing,0,0
57857,T3,150,Wallow,0,0
56833,T1,150,Pellet,0,0
56833,T1,150,Footprint,1,1
56833,T1,150,Rubbing,4,1
56833,T1,150,Wallow,0,0
56833,T2,150,Pellet,0,0
56833,T2,150,Footprint,1,1
56833,T2,150,Rubbing,1,1
56833,T2,150,Wallow,0,0
56833,T3,150,Pellet,1,1
56833,T3,150,Footprint,0,0
56833,T3,150,Rubbing,0,0
56833,T3,150,Wallow,0,0
57281,T1,150,Pellet,4,1
57281,T1,150,Footprint,1,1
57281,T1,150,Rubbing,0,0
57281,T1,150,Wallow,0,0
57281,T2,150,Pellet,0,0
57281,T2,150,Footprint,0,0
57281,T2,150,Rubbing,0,0
57281,T2,150,Wallow,0,0
57281,T3,150,Pellet,1,1
57281,T3,150,Footprint,0,0
57281,T3,150,Rubbing,0,0
57281,T3,150,Wallow,0,0
57680,T1,150,Pellet,0,0
57680,T1,150,Footprint,1,1
57680,T1,150,Rubbing,0,0
57680,T1,150,Wallow,0,0
57680,T2,150,Pellet,0,0
57680,T2,150,Footprint,0,0
57680,T2,150,Rubbing,0,0
57680,T2,150,Wallow,0,0
57680,T3,15,Pellet,0,0
57680,T3,15,Footprint,0,0
57680,T3,15,Rubbing,0,0
57680,T3,15,Wallow,0,0
56370,T1,150,Pellet,2,1
56370,T1,150,Footprint,1,1
56370,T1,150,Rubbing,4,1
56370,T1,150,Wallow,0,0
56370,T2,150,Pellet,0,0
56370,T2,150,Footprint,1,1
56370,T2,150,Rubbing,3,1
56370,T2,150,Wallow,0,0
56370,T3,150,Pellet,0,0
56370,T3,150,Footprint,1,1
56370,T3,150,Rubbing,0,0
56370,T3,150,Wallow,0,0
56194,T1,150,Pellet,0,0
56194,T1,150,Footprint,0,0
56194,T1,150,Rubbing,0,0
56194,T1,150,Wallow,0,0
56194,T2,150,Pellet,0,0
56194,T2,150,Footprint,0,0
56194,T2,150,Rubbing,0,0
56194,T2,150,Wallow,0,0
56194,T3,15,Pellet,0,0
56194,T3,15,Footprint,0,0
56194,T3,15,Rubbing,0,0
56194,T3,15,Wallow,0,0
55695,T1,150,Pellet,1,1
55695,T1,150,Footprint,1,1
55695,T1,150,Rubbing,2,1
55695,T1,150,Wallow,0,0
55695,T2,150,Pellet,1,1
55695,T2,150,Footprint,0,0
55695,T2,150,Rubbing,0,0
55695,T2,150,Wallow,0,0
55695,T3,150,Pellet,1,1
55695,T3,150,Footprint,1,1
55695,T3,150,Rubbing,4,1
55695,T3,150,Wallow,0,0
56587,T1,150,Pellet,0,0
56587,T1,150,Footprint,0,0
56587,T1,150,Rubbing,0,0
56587,T1,150,Wallow,0,0
56587,T2,150,Pellet,0,0
56587,T2,150,Footprint,0,0
56587,T2,150,Rubbing,0,0
56587,T2,150,Wallow,0,0
56587,T3,150,Pellet,0,0
56587,T3,150,Footprint,0,0
56587,T3,150,Rubbing,0,0
56587,T3,150,Wallow,0,0
51995,T1,150,Pellet,0,0
51995,T1,150,Footprint,0,0
51995,T1,150,Rubbing,0,0
51995,T1,150,Wallow,0,0
51995,T2,150,Pellet,0,0
51995,T2,150,Footprint,0,0
51995,T2,150,Rubbing,0,0
51995,T2,150,Wallow,0,0
51995,T3,150,Pellet,0,0
51995,T3,150,Footprint,0,0
51995,T3,150,Rubbing,0,0
51995,T3,150,Wallow,0,0
52192,T1,150,Pellet,0,0
52192,T1,150,Footprint,0,0
52192,T1,150,Rubbing,2,1
52192,T1,150,Wallow,0,0
52192,T2,150,Pellet,0,0
52192,T2,150,Footprint,0,0
52192,T2,150,Rubbing,0,0
52192,T2,150,Wallow,0,0
52192,T3,150,Pellet,0,0
52192,T3,150,Footprint,0,0
52192,T3,150,Rubbing,0,0
52192,T3,150,Wallow,0,0
50725,T1,150,Pellet,0,0
50725,T1,150,Footprint,1,1
50725,T1,150,Rubbing,0,0
50725,T1,150,Wallow,0,0
50725,T2,150,Pellet,1,1
50725,T2,150,Footprint,1,1
50725,T2,150,Rubbing,0,0
50725,T2,150,Wallow,0,0
50725,T3,150,Pellet,2,1
50725,T3,150,Footprint,0,0
50725,T3,150,Rubbing,0,0
50725,T3,150,Wallow,0,0
53059,T1,150,Pellet,0,0
53059,T1,150,Footprint,0,0
53059,T1,150,Rubbing,0,0
53059,T1,150,Wallow,0,0
53059,T2,150,Pellet,0,0
53059,T2,150,Footprint,0,0
53059,T2,150,Rubbing,0,0
53059,T2,150,Wallow,0,0
53059,T3,150,Pellet,0,0
53059,T3,150,Footprint,0,0
53059,T3,150,Rubbing,0,0
53059,T3,150,Wallow,0,0
52254,T1,150,Pellet,0,0
52254,T1,150,Footprint,0,0
52254,T1,150,Rubbing,0,0
52254,T1,150,Wallow,0,0
52254,T2,150,Pellet,0,0
52254,T2,150,Footprint,0,0
52254,T2,150,Rubbing,0,0
52254,T2,150,Wallow,0,0
52254,T3,150,Pellet,0,0
52254,T3,150,Footprint,0,0
52254,T3,150,Rubbing,0,0
52254,T3,150,Wallow,0,0
54800,T1,150,Pellet,0,0
54800,T1,150,Footprint,0,0
54800,T1,150,Rubbing,1,1
54800,T1,150,Wallow,0,0
54800,T2,150,Pellet,0,0
54800,T2,150,Footprint,0,0
54800,T2,150,Rubbing,2,1
54800,T2,150,Wallow,0,0
54800,T3,150,Pellet,0,0
54800,T3,150,Footprint,1,1
54800,T3,150,Rubbing,0,0
54800,T3,150,Wallow,0,0
55311,T1,150,Pellet,0,0
55311,T1,150,Footprint,1,1
55311,T1,150,Rubbing,0,0
55311,T1,150,Wallow,0,0
55311,T2,150,Pellet,0,0
55311,T2,150,Footprint,0,0
55311,T2,150,Rubbing,1,1
55311,T2,150,Wallow,0,0
55311,T3,150,Pellet,0,0
55311,T3,150,Footprint,1,1
55311,T3,150,Rubbing,12,1
55311,T3,150,Wallow,1,1
55502,T1,150,Pellet,0,0
55502,T1,150,Footprint,0,0
55502,T1,150,Rubbing,0,0
55502,T1,150,Wallow,0,0
55502,T2,150,Pellet,0,0
55502,T2,150,Footprint,0,0
55502,T2,150,Rubbing,1,1
55502,T2,150,Wallow,0,0
55502,T3,150,Pellet,0,0
55502,T3,150,Footprint,0,0
55502,T3,150,Rubbing,0,0
55502,T3,150,Wallow,0,0
51463,T1,150,Pellet,0,0
51463,T1,150,Footprint,1,1
51463,T1,150,Rubbing,0,0
51463,T1,150,Wallow,0,0
51463,T2,150,Pellet,2,1
51463,T2,150,Footprint,1,1
51463,T2,150,Rubbing,9,1
51463,T2,150,Wallow,1,1
51463,T3,150,Pellet,0,0
51463,T3,150,Footprint,1,1
51463,T3,150,Rubbing,6,1
51463,T3,150,Wallow,0,0
50461,T1,150,Pellet,0,0
50461,T1,150,Footprint,0,0
50461,T1,150,Rubbing,0,0
50461,T1,150,Wallow,0,0
50461,T2,150,Pellet,0,0
50461,T2,150,Footprint,0,0
50461,T2,150,Rubbing,0,0
50461,T2,150,Wallow,0,0
50461,T3,150,Pellet,0,0
50461,T3,150,Footprint,0,0
50461,T3,150,Rubbing,0,0
50461,T3,150,Wallow,0,0
44288,T1,150,Pellet,0,0
44288,T1,150,Footprint,0,0
44288,T1,150,Rubbing,0,0
44288,T1,150,Wallow,0,0
44288,T2,150,Pellet,0,0
44288,T2,150,Footprint,0,0
44288,T2,150,Rubbing,0,0
44288,T2,150,Wallow,0,0
44288,T3,150,Pellet,0,0
44288,T3,150,Footprint,0,0
44288,T3,150,Rubbing,0,0
44288,T3,150,Wallow,0,0
46130,T1,150,Pellet,0,0
46130,T1,150,Footprint,0,0
46130,T1,150,Rubbing,0,0
46130,T1,150,Wallow,0,0
46130,T2,150,Pellet,0,0
46130,T2,150,Footprint,0,0
46130,T2,150,Rubbing,0,0
46130,T2,150,Wallow,0,0
46130,T3,150,Pellet,0,0
46130,T3,150,Footprint,0,0
46130,T3,150,Rubbing,0,0
46130,T3,150,Wallow,0,0
46685,T1,150,Pellet,0,0
46685,T1,150,Footprint,0,0
46685,T1,150,Rubbing,0,0
46685,T1,150,Wallow,0,0
46685,T2,150,Pellet,0,0
46685,T2,150,Footprint,0,0
46685,T2,150,Rubbing,0,0
46685,T2,150,Wallow,0,0
46685,T3,150,Pellet,0,0
46685,T3,150,Footprint,0,0
46685,T3,150,Rubbing,0,0
46685,T3,150,Wallow,0,0
46132,T1,150,Pellet,0,0
46132,T1,150,Footprint,0,0
46132,T1,150,Rubbing,0,0
46132,T1,150,Wallow,0,0
46132,T2,150,Pellet,0,0
46132,T2,150,Footprint,0,0
46132,T2,150,Rubbing,0,0
46132,T2,150,Wallow,0,0
46132,T3,150,Pellet,0,0
46132,T3,150,Footprint,0,0
46132,T3,150,Rubbing,0,0
46132,T3,150,Wallow,0,0
46135,T1,150,Pellet,0,0
46135,T1,150,Footprint,0,0
46135,T1,150,Rubbing,0,0
46135,T1,150,Wallow,0,0
46135,T2,150,Pellet,0,0
46135,T2,150,Footprint,0,0
46135,T2,150,Rubbing,0,0
46135,T2,150,Wallow,0,0
46135,T3,150,Pellet,0,0
46135,T3,150,Footprint,0,0
46135,T3,150,Rubbing,0,0
46135,T3,150,Wallow,0,0
47191A,T1,150,Pellet,0,0
47191A,T1,150,Footprint,0,0
47191A,T1,150,Rubbing,0,0
47191A,T1,150,Wallow,0,0
47191A,T2,150,Pellet,0,0
47191A,T2,150,Footprint,1,1
47191A,T2,150,Rubbing,0,0
47191A,T2,150,Wallow,0,0
47191A,T3,150,Pellet,0,0
47191A,T3,150,Footprint,0,0
47191A,T3,150,Rubbing,0,0
47191A,T3,150,Wallow,0,0
40789,T1,100,Pellet,0,0
40789,T1,100,Footprint,0,0
40789,T1,100,Rubbing,0,0
40789,T1,100,Wallow,0,0
40789,T2,150,Pellet,0,0
40789,T2,150,Footprint,0,0
40789,T2,150,Rubbing,0,0
40789,T2,150,Wallow,0,0
40789,T3,150,Pellet,0,0
40789,T3,150,Footprint,0,0
40789,T3,150,Rubbing,0,0
40789,T3,150,Wallow,0,0
41203,T1,150,Pellet,0,0
41203,T1,150,Footprint,0,0
41203,T1,150,Rubbing,0,0
41203,T1,150,Wallow,0,0
41203,T2,150,Pellet,0,0
41203,T2,150,Footprint,1,1
41203,T2,150,Rubbing,0,0
41203,T2,150,Wallow,0,0
41203,T3,150,Pellet,1,1
41203,T3,150,Footprint,0,0
41203,T3,150,Rubbing,0,0
41203,T3,150,Wallow,0,0
41287,T1,150,Pellet,0,0
41287,T1,150,Footprint,0,0
41287,T1,150,Rubbing,0,0
41287,T1,150,Wallow,0,0
41287,T2,150,Pellet,0,0
41287,T2,150,Footprint,0,0
41287,T2,150,Rubbing,0,0
41287,T2,150,Wallow,0,0
41287,T3,150,Pellet,0,0
41287,T3,150,Footprint,0,0
41287,T3,150,Rubbing,0,0
41287,T3,150,Wallow,0,0
39880,T1,150,Pellet,0,0
39880,T1,150,Footprint,0,0
39880,T1,150,Rubbing,0,0
39880,T1,150,Wallow,0,0
39880,T2,150,Pellet,0,0
39880,T2,150,Footprint,0,0
39880,T2,150,Rubbing,0,0
39880,T2,150,Wallow,0,0
39880,T3,150,Pellet,0,0
39880,T3,150,Footprint,0,0
39880,T3,150,Rubbing,0,0
39880,T3,150,Wallow,0,0
34174,T1,100,Pellet,0,0
34174,T1,100,Footprint,0,0
34174,T1,100,Rubbing,0,0
34174,T1,100,Wallow,0,0
34174,T2,150,Pellet,0,0
34174,T2,150,Footprint,0,0
34174,T2,150,Rubbing,0,0
34174,T2,150,Wallow,0,0
34174,T3,200,Pellet,0,0
34174,T3,200,Footprint,0,0
34174,T3,200,Rubbing,0,0
34174,T3,200,Wallow,0,0
37075,T1,130,Pellet,0,0
37075,T1,130,Footprint,0,0
37075,T1,130,Rubbing,0,0
37075,T1,130,Wallow,0,0
37075,T2,150,Pellet,0,0
37075,T2,150,Footprint,0,0
37075,T2,150,Rubbing,0,0
37075,T2,150,Wallow,0,0
37075,T3,150,Pellet,0,0
37075,T3,150,Footprint,0,0
37075,T3,150,Rubbing,0,0
37075,T3,150,Wallow,0,0
38876,T1,150,Pellet,0,0
38876,T1,150,Footprint,0,0
38876,T1,150,Rubbing,0,0
38876,T1,150,Wallow,0,0
38876,T2,150,Pellet,0,0
38876,T2,150,Footprint,0,0
38876,T2,150,Rubbing,0,0
38876,T2,150,Wallow,0,0
38876,T3,150,Pellet,0,0
38876,T3,150,Footprint,0,0
38876,T3,150,Rubbing,0,0
38876,T3,150,Wallow,0,0
39389,T1,150,Pellet,0,0
39389,T1,150,Footprint,0,0
39389,T1,150,Rubbing,0,0
39389,T1,150,Wallow,0,0
39389,T2,150,Pellet,0,0
39389,T2,150,Footprint,0,0
39389,T2,150,Rubbing,0,0
39389,T2,150,Wallow,0,0
39389,T3,150,Pellet,0,0
39389,T3,150,Footprint,0,0
39389,T3,150,Rubbing,0,0
39389,T3,150,Wallow,0,0
40972,T1,150,Pellet,0,0
40972,T1,150,Footprint,1,1
40972,T1,150,Rubbing,0,0
40972,T1,150,Wallow,0,0
40972,T2,150,Pellet,6,1
40972,T2,150,Footprint,1,1
40972,T2,150,Rubbing,0,0
40972,T2,150,Wallow,1,1
40972,T3,150,Pellet,0,0
40972,T3,150,Footprint,1,1
40972,T3,150,Rubbing,0,0
40972,T3,150,Wallow,0,0
42519,T1,150,Pellet,0,0
42519,T1,150,Footprint,1,1
42519,T1,150,Rubbing,0,0
42519,T1,150,Wallow,0,0
42519,T2,150,Pellet,1,1
42519,T2,150,Footprint,1,1
42519,T2,150,Rubbing,0,0
42519,T2,150,Wallow,0,0
42519,T3,150,Pellet,0,0
42519,T3,150,Footprint,1,1
42519,T3,150,Rubbing,0,0
42519,T3,150,Wallow,0,0
42005,T1,150,Pellet,0,0
42005,T1,150,Footprint,1,1
42005,T1,150,Rubbing,0,0
42005,T1,150,Wallow,0,0
42005,T2,150,Pellet,0,0
42005,T2,150,Footprint,1,1
42005,T2,150,Rubbing,0,0
42005,T2,150,Wallow,0,0
42005,T3,150,Pellet,0,0
42005,T3,150,Footprint,0,0
42005,T3,150,Rubbing,0,0
42005,T3,150,Wallow,0,0
41742,T1,100,Pellet,0,0
41742,T1,100,Footprint,0,0
41742,T1,100,Rubbing,0,0
41742,T1,100,Wallow,0,0
41742,T2,100,Pellet,0,0
41742,T2,100,Footprint,0,0
41742,T2,100,Rubbing,0,0
41742,T2,100,Wallow,0,0
41742,T3,250,Pellet,0,0
41742,T3,250,Footprint,1,1
41742,T3,250,Rubbing,0,0
41742,T3,250,Wallow,0,0
41655,T1,150,Pellet,0,0
41655,T1,150,Footprint,0,0
41655,T1,150,Rubbing,0,0
41655,T1,150,Wallow,0,0
41655,T2,150,Pellet,0,0
41655,T2,150,Footprint,0,0
41655,T2,150,Rubbing,0,0
41655,T2,150,Wallow,0,0
41655,T3,150,Pellet,0,0
41655,T3,150,Footprint,0,0
41655,T3,150,Rubbing,0,0
41655,T3,150,Wallow,0,0
41312,T1,150,Pellet,8,1
41312,T1,150,Footprint,1,1
41312,T1,150,Rubbing,0,0
41312,T1,150,Wallow,0,0
41312,T2,150,Pellet,15,1
41312,T2,150,Footprint,1,1
41312,T2,150,Rubbing,0,0
41312,T2,150,Wallow,0,0
41312,T3,150,Pellet,13,1
41312,T3,150,Footprint,1,1
41312,T3,150,Rubbing,0,0
41312,T3,150,Wallow,0,0
36846,T1,150,Pellet,0,0
36846,T1,150,Footprint,0,0
36846,T1,150,Rubbing,0,0
36846,T1,150,Wallow,0,0
36846,T2,150,Pellet,0,0
36846,T2,150,Footprint,0,0
36846,T2,150,Rubbing,0,0
36846,T2,150,Wallow,0,0
36846,T3,150,Pellet,2,1
36846,T3,150,Footprint,0,0
36846,T3,150,Rubbing,0,0
36846,T3,150,Wallow,0,0
36602,T1,150,Pellet,0,0
36602,T1,150,Footprint,1,1
36602,T1,150,Rubbing,0,0
36602,T1,150,Wallow,0,0
36602,T2,150,Pellet,4,1
36602,T2,150,Footprint,1,1
36602,T2,150,Rubbing,0,0
36602,T2,150,Wallow,0,0
36602,T3,150,Pellet,1,1
36602,T3,150,Footprint,1,1
36602,T3,150,Rubbing,0,0
36602,T3,150,Wallow,0,0
48162,T1,150,Pellet,2,1
48162,T1,150,Footprint,1,1
48162,T1,150,Rubbing,2,1
48162,T1,150,Wallow,0,0
48162,T2,150,Pellet,3,1
48162,T2,150,Footprint,0,0
48162,T2,150,Rubbing,0,0
48162,T2,150,Wallow,0,0
48162,T3,150,Pellet,0,0
48162,T3,150,Footprint,0,0
48162,T3,150,Rubbing,0,0
48162,T3,150,Wallow,0,0
49487,T1,150,Pellet,0,0
49487,T1,150,Footprint,0,0
49487,T1,150,Rubbing,1,1
49487,T1,150,Wallow,0,0
49487,T2,150,Pellet,2,1
49487,T2,150,Footprint,0,0
49487,T2,150,Rubbing,0,0
49487,T2,150,Wallow,0,0
49487,T3,150,Pellet,12,1
49487,T3,150,Footprint,1,1
49487,T3,150,Rubbing,6,1
49487,T3,150,Wallow,0,0
49122,T1,150,Pellet,0,0
49122,T1,150,Footprint,0,0
49122,T1,150,Rubbing,0,0
49122,T1,150,Wallow,0,0
49122,T2,150,Pellet,0,0
49122,T2,150,Footprint,0,0
49122,T2,150,Rubbing,0,0
49122,T2,150,Wallow,0,0
49122,T3,150,Pellet,1,1
49122,T3,150,Footprint,0,0
49122,T3,150,Rubbing,0,0
49122,T3,150,Wallow,0,0
48076,T1,150,Pellet,1,1
48076,T1,150,Footprint,0,0
48076,T1,150,Rubbing,1,1
48076,T1,150,Wallow,0,0
48076,T2,150,Pellet,0,0
48076,T2,150,Footprint,1,1
48076,T2,150,Rubbing,1,1
48076,T2,150,Wallow,0,0
48076,T3,150,Pellet,0,0
48076,T3,150,Footprint,0,0
48076,T3,150,Rubbing,0,0
48076,T3,150,Wallow,0,0
52224,T1,150,Pellet,0,0
52224,T1,150,Footprint,0,0
52224,T1,150,Rubbing,0,0
52224,T1,150,Wallow,0,0
52224,T2,150,Pellet,0,0
52224,T2,150,Footprint,1,1
52224,T2,150,Rubbing,0,0
52224,T2,150,Wallow,0,0
52224,T3,150,Pellet,0,0
52224,T3,150,Footprint,0,0
52224,T3,150,Rubbing,0,0
52224,T3,150,Wallow,0,0
51833,T1,150,Pellet,2,1
51833,T1,150,Footprint,0,0
51833,T1,150,Rubbing,0,0
51833,T1,150,Wallow,0,0
51833,T2,150,Pellet,2,1
51833,T2,150,Footprint,1,1
51833,T2,150,Rubbing,0,0
51833,T2,150,Wallow,0,0
51833,T3,150,Pellet,0,0
51833,T3,150,Footprint,0,0
51833,T3,150,Rubbing,0,0
51833,T3,150,Wallow,0,0
54618,T1,150,Pellet,9,1
54618,T1,150,Footprint,1,1
54618,T1,150,Rubbing,10,1
54618,T1,150,Wallow,0,0
54618,T2,150,Pellet,4,1
54618,T2,150,Footprint,1,1
54618,T2,150,Rubbing,1,1
54618,T2,150,Wallow,0,0
54618,T3,150,Pellet,6,1
54618,T3,150,Footprint,1,1
54618,T3,150,Rubbing,4,1
54618,T3,150,Wallow,0,0
54449,T1,150,Pellet,0,0
54449,T1,150,Footprint,1,1
54449,T1,150,Rubbing,0,0
54449,T1,150,Wallow,0,0
54449,T2,150,Pellet,0,0
54449,T2,150,Footprint,1,1
54449,T2,150,Rubbing,0,0
54449,T2,150,Wallow,0,0
54449,T3,150,Pellet,0,0
54449,T3,150,Footprint,1,1
54449,T3,150,Rubbing,0,0
54449,T3,150,Wallow,0,0
53577,T1,150,Pellet,0,0
53577,T1,150,Footprint,0,0
53577,T1,150,Rubbing,0,0
53577,T1,150,Wallow,0,0
53577,T2,150,Pellet,4,1
53577,T2,150,Footprint,0,0
53577,T2,150,Rubbing,0,0
53577,T2,150,Wallow,0,0
53577,T3,150,Pellet,0,0
53577,T3,150,Footprint,1,1
53577,T3,150,Rubbing,0,0
53577,T3,150,Wallow,0,0
48088,T1,150,Pellet,3,1
48088,T1,150,Footprint,0,0
48088,T1,150,Rubbing,1,1
48088,T1,150,Wallow,0,0
48088,T2,150,Pellet,1,1
48088,T2,150,Footprint,0,0
48088,T2,150,Rubbing,3,1
48088,T2,150,Wallow,0,0
48088,T3,150,Pellet,0,0
48088,T3,150,Footprint,0,0
48088,T3,150,Rubbing,3,1
48088,T3,150,Wallow,0,0
56383,T1,150,Pellet,0,0
56383,T1,150,Footprint,0,0
56383,T1,150,Rubbing,0,0
56383,T1,150,Wallow,0,0
56383,T2,150,Pellet,0,0
56383,T2,150,Footprint,0,0
56383,T2,150,Rubbing,0,0
56383,T2,150,Wallow,0,0
56383,T3,150,Pellet,0,0
56383,T3,150,Footprint,0,0
56383,T3,150,Rubbing,0,0
56383,T3,150,Wallow,0,0
56253,T1,70,Pellet,0,0
56253,T1,70,Footprint,0,0
56253,T1,70,Rubbing,0,0
56253,T1,70,Wallow,0,0
56253,T2,50,Pellet,0,0
56253,T2,50,Footprint,0,0
56253,T2,50,Rubbing,0,0
56253,T2,50,Wallow,0,0
56253,T3,130,Pellet,0,0
56253,T3,130,Footprint,0,0
56253,T3,130,Rubbing,0,0
56253,T3,130,Wallow,0,0
56667,T1,140,Pellet,0,0
56667,T1,140,Footprint,0,0
56667,T1,140,Rubbing,0,0
56667,T1,140,Wallow,0,0
56667,T2,125,Pellet,0,0
56667,T2,125,Footprint,0,0
56667,T2,125,Rubbing,0,0
56667,T2,125,Wallow,0,0
56667,T3,150,Pellet,0,0
56667,T3,150,Footprint,0,0
56667,T3,150,Rubbing,0,0
56667,T3,150,Wallow,0,0
56890,T1,150,Pellet,0,0
56890,T1,150,Footprint,0,0
56890,T1,150,Rubbing,0,0
56890,T1,150,Wallow,0,0
56890,T2,150,Pellet,0,0
56890,T2,150,Footprint,0,0
56890,T2,150,Rubbing,0,0
56890,T2,150,Wallow,0,0
56890,T3,150,Pellet,0,0
56890,T3,150,Footprint,0,0
56890,T3,150,Rubbing,0,0
56890,T3,150,Wallow,0,0
56741,T1,150,Pellet,0,0
56741,T1,150,Footprint,0,0
56741,T1,150,Rubbing,0,0
56741,T1,150,Wallow,0,0
56741,T2,150,Pellet,0,0
56741,T2,150,Footprint,0,0
56741,T2,150,Rubbing,0,0
56741,T2,150,Wallow,0,0
56741,T3,150,Pellet,0,0
56741,T3,150,Footprint,0,0
56741,T3,150,Rubbing,0,0
56741,T3,150,Wallow,0,0
51220,T1,150,Pellet,0,0
51220,T1,150,Footprint,0,0
51220,T1,150,Rubbing,0,0
51220,T1,150,Wallow,0,0
51220,T2,150,Pellet,0,0
51220,T2,150,Footprint,0,0
51220,T2,150,Rubbing,0,0
51220,T2,150,Wallow,0,0
51220,T3,150,Pellet,0,0
51220,T3,150,Footprint,0,0
51220,T3,150,Rubbing,0,0
51220,T3,150,Wallow,0,0
51957,T2,150,Pellet,0,0
51957,T2,150,Footprint,0,0
51957,T2,150,Rubbing,0,0
51957,T2,150,Wallow,0,0
51957,T1,150,Pellet,1,1
51957,T1,150,Footprint,0,0
51957,T1,150,Rubbing,0,0
51957,T1,150,Wallow,0,0
51957,T3,150,Pellet,0,0
51957,T3,150,Footprint,0,0
51957,T3,150,Rubbing,0,0
51957,T3,150,Wallow,0,0
51037,T1,150,Pellet,1,1
51037,T1,150,Footprint,0,0
51037,T1,150,Rubbing,0,0
51037,T1,150,Wallow,0,0
51037,T2,150,Pellet,1,1
51037,T2,150,Footprint,0,0
51037,T2,150,Rubbing,0,0
51037,T2,150,Wallow,0,0
51037,T3,150,Pellet,2,1
51037,T3,150,Footprint,0,0
51037,T3,150,Rubbing,0,0
51037,T3,150,Wallow,0,0
54315,T1,150,Pellet,0,0
54315,T1,150,Footprint,0,0
54315,T1,150,Rubbing,0,0
54315,T1,150,Wallow,0,0
54315,T2,150,Pellet,0,0
54315,T2,150,Footprint,0,0
54315,T2,150,Rubbing,0,0
54315,T2,150,Wallow,0,0
54315,T3,150,Pellet,2,1
54315,T3,150,Footprint,0,0
54315,T3,150,Rubbing,0,0
54315,T3,150,Wallow,0,0
48588,T2,65,Pellet,0,0
48588,T2,65,Footprint,0,0
48588,T2,65,Rubbing,0,0
48588,T2,65,Wallow,0,0
48588,T3,150,Pellet,0,0
48588,T3,150,Footprint,0,0
48588,T3,150,Rubbing,0,0
48588,T3,150,Wallow,0,0
48588,T1,150,Pellet,0,0
48588,T1,150,Footprint,0,0
48588,T1,150,Rubbing,0,0
48588,T1,150,Wallow,0,0
47272,T1,150,Pellet,0,0
47272,T1,150,Footprint,0,0
47272,T1,150,Rubbing,0,0
47272,T1,150,Wallow,0,0
47272,T2,150,Pellet,0,0
47272,T2,150,Footprint,0,0
47272,T2,150,Rubbing,0,0
47272,T2,150,Wallow,0,0
47272,T3,150,Pellet,0,0
47272,T3,150,Footprint,0,0
47272,T3,150,Rubbing,0,0
47272,T3,150,Wallow,0,0
48422,T1,150,Pellet,0,0
48422,T1,150,Footprint,0,0
48422,T1,150,Rubbing,0,0
48422,T1,150,Wallow,0,0
48422,T2,150,Pellet,0,0
48422,T2,150,Footprint,0,0
48422,T2,150,Rubbing,0,0
48422,T2,150,Wallow,0,0
48422,T3,150,Pellet,0,0
48422,T3,150,Footprint,0,0
48422,T3,150,Rubbing,0,0
48422,T3,150,Wallow,0,0
55985,T1,150,Pellet,0,0
55985,T1,150,Footprint,0,0
55985,T1,150,Rubbing,1,1
55985,T1,150,Wallow,0,0
55985,T2,150,Pellet,0,0
55985,T2,150,Footprint,0,0
55985,T2,150,Rubbing,2,1
55985,T2,150,Wallow,0,0
55985,T3,150,Pellet,0,0
55985,T3,150,Footprint,0,0
55985,T3,150,Rubbing,1,1
55985,T3,150,Wallow,0,0
56465,T1,150,Pellet,0,0
56465,T1,150,Footprint,0,0
56465,T1,150,Rubbing,0,0
56465,T1,150,Wallow,0,0
56465,T2,150,Pellet,0,0
56465,T2,150,Footprint,0,0
56465,T2,150,Rubbing,0,0
56465,T2,150,Wallow,0,0
56465,T3,150,Pellet,0,0
56465,T3,150,Footprint,0,0
56465,T3,150,Rubbing,0,0
56465,T3,150,Wallow,0,0
56106,T1,150,Pellet,0,0
56106,T1,150,Footprint,0,0
56106,T1,150,Rubbing,0,0
56106,T1,150,Wallow,0,0
56106,T2,150,Pellet,0,0
56106,T2,150,Footprint,0,0
56106,T2,150,Rubbing,0,0
56106,T2,150,Wallow,0,0
56106,T3,150,Pellet,0,0
56106,T3,150,Footprint,0,0
56106,T3,150,Rubbing,0,0
56106,T3,150,Wallow,0,0
55744,T1,150,Pellet,0,0
55744,T1,150,Footprint,0,0
55744,T1,150,Rubbing,0,0
55744,T1,150,Wallow,0,0
55744,T2,150,Pellet,0,0
55744,T2,150,Footprint,0,0
55744,T2,150,Rubbing,0,0
55744,T2,150,Wallow,0,0
55744,T3,150,Pellet,0,0
55744,T3,150,Footprint,0,0
55744,T3,150,Rubbing,0,0
55744,T3,150,Wallow,0,0
48822,T1,150,Pellet,2,1
48822,T1,150,Footprint,0,0
48822,T1,150,Rubbing,2,1
48822,T1,150,Wallow,0,0
48822,T2,150,Pellet,6,1
48822,T2,150,Footprint,0,0
48822,T2,150,Rubbing,0,0
48822,T2,150,Wallow,0,0
48822,T3,150,Pellet,6,1
48822,T3,150,Footprint,0,0
48822,T3,150,Rubbing,4,1
48822,T3,150,Wallow,0,0
47191B,T1,150,Pellet,0,0
47191B,T1,150,Footprint,0,0
47191B,T1,150,Rubbing,0,0
47191B,T1,150,Wallow,0,0
47191B,T2,130,Pellet,0,0
47191B,T2,130,Footprint,0,0
47191B,T2,130,Rubbing,0,0
47191B,T2,130,Wallow,0,0
47191B,T3,150,Pellet,0,0
47191B,T3,150,Footprint,0,0
47191B,T3,150,Rubbing,0,0
47191B,T3,150,Wallow,0,0
48033,T1,150,Pellet,0,0
48033,T1,150,Footprint,0,0
48033,T1,150,Rubbing,0,0
48033,T1,150,Wallow,0,0
48033,T2,150,Pellet,0,0
48033,T2,150,Footprint,0,0
48033,T2,150,Rubbing,0,0
48033,T2,150,Wallow,0,0
48033,T3,150,Pellet,0,0
48033,T3,150,Footprint,0,0
48033,T3,150,Rubbing,0,0
48033,T3,150,Wallow,0,0
38303,T1,150,Pellet,2,1
38303,T1,150,Footprint,0,0
38303,T1,150,Rubbing,0,0
38303,T1,150,Wallow,0,0
38303,T2,150,Pellet,0,0
38303,T2,150,Footprint,0,0
38303,T2,150,Rubbing,0,0
38303,T2,150,Wallow,0,0
38303,T3,150,Pellet,1,1
38303,T3,150,Footprint,0,0
38303,T3,150,Rubbing,0,0
38303,T3,150,Wallow,0,0
54967,T1,150,Pellet,0,0
54967,T1,150,Footprint,0,0
54967,T1,150,Rubbing,0,0
54967,T1,150,Wallow,0,0
54967,T2,150,Pellet,3,1
54967,T2,150,Footprint,1,1
54967,T2,150,Rubbing,10,1
54967,T2,150,Wallow,0,0
54967,T3,150,Pellet,2,1
54967,T3,150,Footprint,0,0
54967,T3,150,Rubbing,0,0
54967,T3,150,Wallow,0,0
55090,T1,150,Pellet,0,0
55090,T1,150,Footprint,0,0
55090,T1,150,Rubbing,0,0
55090,T1,150,Wallow,0,0
55090,T2,150,Pellet,0,0
55090,T2,150,Footprint,0,0
55090,T2,150,Rubbing,0,0
55090,T2,150,Wallow,0,0
55090,T3,150,Pellet,0,0
55090,T3,150,Footprint,0,0
55090,T3,150,Rubbing,0,0
55090,T3,150,Wallow,0,0
38070,T1,150,Pellet,0,0
38070,T1,150,Footprint,0,0
38070,T1,150,Rubbing,0,0
38070,T1,150,Wallow,0,0
38070,T2,150,Pellet,0,0
38070,T2,150,Footprint,0,0
38070,T2,150,Rubbing,0,0
38070,T2,150,Wallow,0,0
38070,T3,150,Pellet,0,0
38070,T3,150,Footprint,0,0
38070,T3,150,Rubbing,0,0
38070,T3,150,Wallow,0,0
39889,T1,150,Pellet,0,0
39889,T1,150,Footprint,0,0
39889,T1,150,Rubbing,0,0
39889,T1,150,Wallow,0,0
39889,T2,150,Pellet,5,1
39889,T2,150,Footprint,1,1
39889,T2,150,Rubbing,0,0
39889,T2,150,Wallow,0,0
39889,T3,150,Pellet,1,1
39889,T3,150,Footprint,0,0
39889,T3,150,Rubbing,0,0
39889,T3,150,Wallow,0,0
39804,T1,150,Pellet,0,0
39804,T1,150,Footprint,0,0
39804,T1,150,Rubbing,0,0
39804,T1,150,Wallow,0,0
39804,T2,150,Pellet,0,0
39804,T2,150,Footprint,0,0
39804,T2,150,Rubbing,0,0
39804,T2,150,Wallow,0,0
39804,T3,150,Pellet,2,1
39804,T3,150,Footprint,0,0
39804,T3,150,Rubbing,0,0
39804,T3,150,Wallow,0,0
40880,T1,150,Pellet,1,1
40880,T1,150,Footprint,1,1
40880,T1,150,Rubbing,0,0
40880,T1,150,Wallow,0,0
40880,T2,150,Pellet,0,0
40880,T2,150,Footprint,1,1
40880,T2,150,Rubbing,1,1
40880,T2,150,Wallow,0,0
40880,T3,150,Pellet,1,1
40880,T3,150,Footprint,1,1
40880,T3,150,Rubbing,0,0
40880,T3,150,Wallow,0,0
35739,T1,150,Pellet,0,0
35739,T1,150,Footprint,0,0
35739,T1,150,Rubbing,0,0
35739,T1,150,Wallow,0,0
35739,T2,150,Pellet,0,0
35739,T2,150,Footprint,0,0
35739,T2,150,Rubbing,0,0
35739,T2,150,Wallow,0,0
35739,T3,150,Pellet,0,0
35739,T3,150,Footprint,0,0
35739,T3,150,Rubbing,0,0
35739,T3,150,Wallow,0,0
35738,T1,150,Pellet,0,0
35738,T1,150,Footprint,0,0
35738,T1,150,Rubbing,0,0
35738,T1,150,Wallow,0,0
35738,T2,150,Pellet,0,0
35738,T2,150,Footprint,0,0
35738,T2,150,Rubbing,0,0
35738,T2,150,Wallow,0,0
35738,T3,150,Pellet,0,0
35738,T3,150,Footprint,0,0
35738,T3,150,Rubbing,0,0
35738,T3,150,Wallow,0,0
43926,T1,150,Pellet,2,1
43926,T1,150,Footprint,0,0
43926,T1,150,Rubbing,0,0
43926,T1,150,Wallow,0,0
43926,T2,150,Pellet,1,1
43926,T2,150,Footprint,0,0
43926,T2,150,Rubbing,0,0
43926,T2,150,Wallow,0,0
43926,T3,150,Pellet,1,1
43926,T3,150,Footprint,0,0
43926,T3,150,Rubbing,0,0
43926,T3,150,Wallow,0,0
46082,T1,150,Pellet,3,1
46082,T1,150,Footprint,0,0
46082,T1,150,Rubbing,0,0
46082,T1,150,Wallow,0,0
46082,T2,150,Pellet,0,0
46082,T2,150,Footprint,0,0
46082,T2,150,Rubbing,0,0
46082,T2,150,Wallow,0,0
46082,T3,150,Pellet,2,1
46082,T3,150,Footprint,0,0
46082,T3,150,Rubbing,0,0
46082,T3,150,Wallow,0,0
45668,T3,150,Pellet,6,1
45668,T3,150,Footprint,0,0
45668,T3,150,Rubbing,0,0
45668,T3,150,Wallow,0,0
45668,T1,150,Pellet,3,1
45668,T1,150,Footprint,0,0
45668,T1,150,Rubbing,0,0
45668,T1,150,Wallow,0,0
45668,T3,150,Pellet,1,1
45668,T3,150,Footprint,0,0
45668,T3,150,Rubbing,0,0
45668,T3,150,Wallow,0,0
46993,T1,150,Pellet,0,0
46993,T1,150,Footprint,0,0
46993,T1,150,Rubbing,0,0
46993,T1,150,Wallow,0,0
46993,T2,150,Pellet,0,0
46993,T2,150,Footprint,0,0
46993,T2,150,Rubbing,0,0
46993,T2,150,Wallow,0,0
46993,T3,150,Pellet,0,0
46993,T3,150,Footprint,0,0
46993,T3,150,Rubbing,0,0
46993,T3,150,Wallow,0,0
45143,T1,150,Pellet,11,1
45143,T1,150,Footprint,0,0
45143,T1,150,Rubbing,0,0
45143,T1,150,Wallow,0,0
45143,T2,150,Pellet,11,1
45143,T2,150,Footprint,0,0
45143,T2,150,Rubbing,0,0
45143,T2,150,Wallow,0,0
45143,T3,150,Pellet,9,1
45143,T3,150,Footprint,0,0
45143,T3,150,Rubbing,0,0
45143,T3,150,Wallow,0,0
43825,T1,150,Pellet,0,0
43825,T1,150,Footprint,0,0
43825,T1,150,Rubbing,0,0
43825,T1,150,Wallow,0,0
43825,T2,150,Pellet,0,0
43825,T2,150,Footprint,0,0
43825,T2,150,Rubbing,0,0
43825,T2,150,Wallow,0,0
43825,T3,150,Pellet,0,0
43825,T3,150,Footprint,0,0
43825,T3,150,Rubbing,0,0
43825,T3,150,Wallow,0,0
43650,T1,150,Pellet,1,1
43650,T1,150,Footprint,1,1
43650,T1,150,Rubbing,1,1
43650,T1,150,Wallow,0,0
43650,T2,150,Pellet,0,0
43650,T2,150,Footprint,0,0
43650,T2,150,Rubbing,0,0
43650,T2,150,Wallow,0,0
43650,T3,150,Pellet,10,1
43650,T3,150,Footprint,1,1
43650,T3,150,Rubbing,0,0
43650,T3,150,Wallow,0,0
41934,T1,150,Pellet,0,0
41934,T1,150,Footprint,1,1
41934,T1,150,Rubbing,0,0
41934,T1,150,Wallow,0,0
41934,T2,150,Pellet,0,0
41934,T2,150,Footprint,0,0
41934,T2,150,Rubbing,0,0
41934,T2,150,Wallow,0,0
41934,T3,150,Pellet,0,0
41934,T3,150,Footprint,0,0
41934,T3,150,Rubbing,0,0
41934,T3,150,Wallow,0,0
45039,T1,150,Pellet,0,0
45039,T1,150,Footprint,0,0
45039,T1,150,Rubbing,0,0
45039,T1,150,Wallow,0,0
45039,T2,150,Pellet,2,1
45039,T2,150,Footprint,1,1
45039,T2,150,Rubbing,0,0
45039,T2,150,Wallow,0,0
45039,T3,150,Pellet,0,0
45039,T3,150,Footprint,0,0
45039,T3,150,Rubbing,0,0
45039,T3,150,Wallow,0,0
44940,T1,150,Pellet,0,0
44940,T1,150,Footprint,0,0
44940,T1,150,Rubbing,0,0
44940,T1,150,Wallow,0,0
44940,T2,150,Pellet,0,0
44940,T2,150,Footprint,0,0
44940,T2,150,Rubbing,0,0
44940,T2,150,Wallow,0,0
44940,T3,150,Pellet,0,0
44940,T3,150,Footprint,0,0
44940,T3,150,Rubbing,0,0
44940,T3,150,Wallow,0,0
46063,T1,150,Pellet,0,0
46063,T1,150,Footprint,1,1
46063,T1,150,Rubbing,0,0
46063,T1,150,Wallow,0,0
46063,T2,150,Pellet,0,0
46063,T2,150,Footprint,0,0
46063,T2,150,Rubbing,0,0
46063,T2,150,Wallow,0,0
46063,T3,150,Pellet,3,1
46063,T3,150,Footprint,0,0
46063,T3,150,Rubbing,0,0
46063,T3,150,Wallow,0,0
45818,T1,150,Pellet,0,0
45818,T1,150,Footprint,0,0
45818,T1,150,Rubbing,0,0
45818,T1,150,Wallow,0,0
45818,T2,150,Pellet,0,0
45818,T2,150,Footprint,0,0
45818,T2,150,Rubbing,0,0
45818,T2,150,Wallow,0,0
45818,T3,150,Pellet,1,1
45818,T3,150,Footprint,0,0
45818,T3,150,Rubbing,0,0
45818,T3,150,Wallow,0,0
46792,T1,150,Pellet,4,1
46792,T1,150,Footprint,1,1
46792,T1,150,Rubbing,0,0
46792,T1,150,Wallow,0,0
46792,T2,150,Pellet,0,0
46792,T2,150,Footprint,1,1
46792,T2,150,Rubbing,0,0
46792,T2,150,Wallow,0,0
46792,T3,150,Pellet,2,1
46792,T3,150,Footprint,1,1
46792,T3,150,Rubbing,0,0
46792,T3,150,Wallow,0,0
41760,T1,150,Pellet,0,0
41760,T1,150,Footprint,0,0
41760,T1,150,Rubbing,0,0
41760,T1,150,Wallow,0,0
41760,T2,150,Pellet,0,0
41760,T2,150,Footprint,0,0
41760,T2,150,Rubbing,0,0
41760,T2,150,Wallow,0,0
41760,T3,150,Pellet,0,0
41760,T3,150,Footprint,0,0
41760,T3,150,Rubbing,0,0
41760,T3,150,Wallow,0,0
42372,T1,150,Pellet,3,1
42372,T1,150,Footprint,1,1
42372,T1,150,Rubbing,0,0
42372,T1,150,Wallow,0,0
42372,T3,150,Pellet,2,1
42372,T3,150,Footprint,1,1
42372,T3,150,Rubbing,0,0
42372,T3,150,Wallow,0,0
43983,T1,150,Pellet,1,1
43983,T1,150,Footprint,1,1
43983,T1,150,Rubbing,1,1
43983,T1,150,Wallow,0,0
43983,T2,150,Pellet,1,1
43983,T2,150,Footprint,0,0
43983,T2,150,Rubbing,0,0
43983,T2,150,Wallow,0,0
43983,T3,150,Pellet,0,0
43983,T3,150,Footprint,1,1
43983,T3,150,Rubbing,0,0
43983,T3,150,Wallow,0,0
